x,y,z,som,picos
0.0000,0.0000,0.0000,27480,0
0.0000,0.0000,0.0000,27400,0
0.0000,0.0000,0.0000,27291,0
0.0000,0.0000,0.0000,27308,0
0.0000,0.0000,0.0000,27502,0
-0.3125,-7.6836,4.9844,27459,0
-12.1133,11.0898,1.1562,27332,0
-18.0898,5.1875,-1.2188,27234,0
-20.3477,-1.7812,0.1602,27428,0
-0.6211,-5.6523,4.8320,27479,0
-1.0039,6.1523,-1.2188,27362,0
-12.6094,11.1641,1.7695,27215,0
-18.3906,7.3359,-1.1797,27358,0
-4.9492,-15.1523,3.9141,27472,0
-0.3125,-6.4922,2.7266,27472,0
-1.5391,6.4922,-1.6016,27424,0
-18.5469,7.3359,-0.5703,27275,0
-19.6602,-1.8594,2.2656,27270,0
-4.5273,-15.3047,3.1094,27502,0
-0.2734,-7.9062,2.6875,27452,0
-12.9531,11.5117,2.1914,27328,0
-18.4727,9.0977,-0.5312,27207,0
-19.3164,-2.6641,2.9570,27397,0
-0.0078,-6.8359,1.6133,27489,0
-2.6133,6.4141,-0.8750,27347,0
-12.9531,10.7812,2.4180,27209,0
-19.2383,-2.6250,3.1094,27326,0
-4.5664,-15.1094,2.5352,27475,0
0.1094,-7.1094,1.5391,27433,0
-2.8398,6.8750,-0.9531,27285,0
-18.3164,8.0625,-0.5312,27209,0
-19.0508,-2.5117,3.1875,27454,0
-4.8320,-14.9609,2.4180,27413,0
-2.9570,6.6406,-0.7617,27334,0
-13.1445,10.6289,2.7656,27157,0
-18.2070,7.9844,-0.5312,27316,0
-18.8906,-2.6250,3.2617,27316,0
0.3008,-6.7188,1.2695,27472,0
-3.1094,7.2578,-1.1055,27358,0
-12.9141,10.3594,2.7266,27216,0
-18.9297,-2.2422,3.2617,27222,0
-5.2539,-14.7266,2.6875,27459,0
-0.0430,-7.2227,1.6914,27404,0
-12.7227,10.4375,2.7266,27323,0
-17.8242,6.9883,-0.6445,27151,0
-18.9336,-1.7812,3.0312,27336,0
-5.5625,-14.6914,2.6094,27441,0
-2.8398,7.4453,-1.3711,27368,0
-12.4961,10.5898,2.8398,27172,0
-17.6680,7.1055,-0.6836,27215,0
-5.9062,-14.4648,2.7266,27449,0
-0.5039,-8.5234,2.1523,27369,0
-2.4961,7.4453,-1.4102,27294,0
-12.2695,10.5508,2.7656,27134,0
-19.1992,-0.9023,2.7656,27376,0
-6.3672,-14.0820,2.8398,27416,0
-0.8125,-9.2500,2.3438,27416,0
-11.9570,10.5508,2.8008,27212,0
-17.0156,7.3711,-0.6445,27212,0
-19.4297,-0.3281,2.5742,27243,0
-7.0938,-13.7734,2.9922,27466,0
-1.6914,6.7617,-1.6016,27428,0
-11.5742,10.5508,2.7266,27284,0
-16.5938,8.2148,-0.4531,27213,0
-7.5898,-12.9688,3.0703,27427,0
-1.2305,-11.8906,2.2266,27434,0
-1.1172,6.3750,-1.8320,27379,0
-16.0547,8.8281,-0.1836,27188,0
-20.1562,1.0898,2.0742,27277,0
-8.1289,-12.1289,3.2617,27475,0
-1.8438,-13.6172,2.3047,27426,0
-10.8477,10.3242,2.7266,27294,0
-15.5547,9.3633,0.1211,27203,0
-20.6172,1.7031,1.8438,27470,0
-2.3828,-14.3828,2.5742,27481,0
0.2617,5.6523,-2.4062,27390,0
-10.6211,9.9023,2.6094,27228,0
-14.9102,9.2891,0.3516,27309,0
-8.6641,-10.1758,3.6445,27511,0
-3.2227,-15.4570,3.1484,27511,0
0.8750,5.1133,-2.7539,27436,0
-14.7109,9.3281,0.4258,27290,0
-21.1523,3.2344,1.2305,27218,0
-9.0859,-9.7539,3.6055,27464,0
-3.6836,-15.5703,3.3398,27483,0
-9.8906,9.7461,2.2266,27370,0
-14.7930,9.3633,0.5430,27192,0
-20.9258,3.5430,0.9258,27335,0
-4.1836,-16.2188,3.5312,27511,0
1.7539,4.2305,-2.8672,27431,0
-9.5781,9.4414,2.2656,27282,0
-21.1523,3.8477,0.6172,27240,0
-10.1562,-8.7930,3.8359,27505,0
-4.5273,-16.2617,3.7227,27447,0
2.1758,3.8828,-2.9062,27390,0
-14.1016,9.7461,0.8867,27197,0
-21.2656,4.0391,0.2734,27365,0
-10.8477,-8.5234,3.8359,27502,0
2.3320,3.6172,-2.7148,27418,0
-8.7031,8.7930,2.0352,27246,0
-14.1016,9.3633,1.0039,27246,0
-20.9609,4.3477,-0.0703,27254,0
-4.6016,-15.8750,4.1445,27481,0
2.2539,3.3125,-2.4844,27458,0
-8.2422,8.7109,1.7305,27346,0
-20.6484,4.3828,-0.3789,27211,0
-12.3398,-7.9492,3.9141,27387,0
-4.7578,-16.1914,3.9531,27453,0
-7.9375,8.3281,1.8047,27411,0
-13.8008,9.9023,1.1953,27212,0
-20.7656,4.5391,-0.6055,27247,0
-13.0352,-7.7188,4.0664,27496,0
2.4062,2.2773,-1.8711,27423,0
-7.3633,8.2930,1.4609,27326,0
-14.0273,10.0547,1.1172,27198,0
-13.8789,-7.4922,4.1055,27393,0
-4.7578,-15.6523,4.1055,27450,0
2.2500,1.5898,-1.4492,27362,0
-6.7852,7.9492,1.2695,27207,0
-20.1562,4.7305,-1.0664,27284,0
-14.3672,-7.0703,4.1445,27482,0
-4.7969,-15.5312,4.1797,27482,0
-6.5195,7.7891,1.1172,27425,0
-13.9453,10.5898,1.4219,27306,0
-19.9648,4.8438,-1.1055,27220,0
-14.8320,-6.8398,4.1055,27433,0
2.2109,0.4023,-1.0664,27446,0
-6.2109,7.7891,0.9258,27366,0
-13.9062,10.5508,1.4219,27197,0
-15.2109,-6.5703,4.1445,27334,0
-4.9102,-15.6133,4.0664,27478,0
2.0234,0.1719,-0.9883,27419,0
-13.9102,10.8203,1.4219,27299,0
-19.6211,4.8047,-1.4102,27223,0
-15.4883,-6.4570,4.1055,27494,0
-4.7969,-15.4258,4.0273,27475,0
-5.7148,7.4453,0.7734,27387,0
-13.8359,10.8984,1.6133,27247,0
-19.6211,4.9219,-1.3711,27388,0
-4.9883,-15.3828,4.1055,27540,0
1.8711,-0.7852,-0.6836,27452,0
-5.5234,7.3008,0.6953,27288,0
-13.7578,11.0508,1.6133,27305,0
-15.8984,-5.9219,4.1445,27529,0
-4.9492,-15.2656,4.0664,27529,0
1.7930,-1.1328,-0.4922,27479,0
-13.8359,11.1641,1.5781,27410,0
-19.2734,4.9961,-1.5273,27232,0
-16.0195,-5.6914,4.0664,27432,0
-4.9883,-15.3477,3.9883,27527,0
-5.2930,7.1797,0.5430,27429,0
-13.7227,11.1641,1.8047,27278,0
-19.3555,5.1523,-1.5273,27319,0
-4.9102,-15.2266,4.0664,27551,0
1.4492,-1.5547,-0.3008,27465,0
-5.1406,7.2188,0.3516,27362,0
-19.1172,5.0742,-1.5664,27261,0
-16.3203,-5.2695,4.0273,27468,0
-4.8711,-15.2656,3.9531,27496,0
1.4102,-2.2852,-0.1094,27442,0
-13.6055,11.1250,1.9219,27256,0
-19.1602,5.1523,-1.5664,27368,0
-16.5586,-5.0781,3.9531,27538,0
1.4102,-2.0898,-0.1484,27474,0
-5.0234,7.3359,0.1602,27334,0
-13.6406,11.3164,1.7695,27334,0
-19.0078,5.1133,-1.6406,27259,0
-4.8320,-15.1484,3.8359,27510,0
1.1797,-2.9336,0.3125,27465,0
-4.8711,7.0625,0.2344,27412,0
-19.0469,5.3047,-1.6406,27248,0
-16.7812,-4.4258,3.7969,27382,0
-4.9883,-15.0312,3.9141,27505,0
-4.7188,7.1055,0.0430,27450,0
-13.4180,11.0898,1.9609,27286,0
-18.8516,5.3438,-1.6406,27268,0
-17.0156,-4.1562,3.7227,27504,0
0.8750,-3.6953,0.3906,27476,0
-4.5664,6.9141,-0.0312,27370,0
-13.3750,11.1250,1.9961,27226,0
-17.0859,-3.8516,3.6836,27405,0
-5.1016,-14.8047,3.9531,27505,0
0.7969,-4.2773,0.4648,27429,0
-4.4492,6.8789,-0.2617,27259,0
-18.6250,5.6875,-1.5664,27280,0
-17.2852,-3.4688,3.6055,27517,0
-5.2148,-14.5820,4.0273,27517,0
-4.1445,6.4180,-0.4141,27466,0
-13.1094,11.3945,2.1523,27361,0
-18.6680,6.4922,-1.5664,27228,0
-17.4375,-3.0859,3.3789,27431,0
0.4922,-6.3398,0.6953,27518,0
-3.8750,5.9531,-0.7969,27449,0
-13.0742,10.9336,2.3438,27278,0
-17.5078,-2.3945,3.3008,27362,0
-5.8672,-13.2383,4.2969,27564,0
0.4922,-8.1055,0.7344,27504,0
-13.2188,11.0508,2.4180,27402,0
-18.0508,8.2930,-0.5703,27266,0
-17.4766,-1.3633,2.9922,27508,0
-6.6719,-12.4336,4.2188,27558,0
-3.3750,3.3125,-1.5664,27475,0
-13.3008,11.3945,2.1133,27270,0
-18.0078,8.5586,0.3516,27377,0
-7.8203,-10.1719,4.9492,27623,0
0.6055,-12.7383,-0.3398,27552,0
-3.3008,2.4297,-3.5977,27395,0
-13.3750,9.4023,1.1953,27395,0
-17.1641,1.7031,4.3750,27326,0
-6.5938,-8.1016,6.3281,27537,0
-0.6953,-12.1250,-0.1484,27594,0
-12.7617,6.8359,0.9258,27512,0
-19.2383,12.7734,0.5039,27299,0
-17.7031,-0.5586,4.9844,27425,0
-4.1055,-8.0273,6.3281,27661,0
-2.4180,1.7812,-5.1641,27557,0
-13.2227,11.0898,1.1172,27326,0
-19.8164,10.2852,0.2734,27352,0
-3.9141,-8.4102,6.0977,27613,0
-1.5781,-10.9023,-0.4141,27588,0
-3.7617,2.1250,-4.1641,27425,0
-21.3477,11.3555,0.5039,27302,0
-14.4492,-3.9648,6.8633,27521,0
-2.8398,-9.0938,4.8711,27666,0
-0.5430,-9.1367,-1.9102,27492,0
-15.4062,16.4844,1.0781,27309,0
-23.1406,7.0664,0.5039,27409,0
-7.6680,-5.7266,8.1250,27409,0
0.9883,-6.1914,-3.9766,27578,0
-8.2031,2.2383,-1.3711,27578,0
-15.9766,9.5195,1.5781,27290,0
-23.3750,6.6836,3.9141,27336,0
-5.1016,-10.6758,4.1055,27635,0
1.6016,0.8594,-7.0781,27608,0
-6.7852,8.1445,0.1992,27358,0
-16.6328,-1.4375,3.9883,27291,0
-4.0273,-7.8789,6.6719,27554,0
-3.8008,-12.8555,-0.3398,27559,0
-12.7578,4.4609,1.0781,27424,0
-19.8828,9.3281,2.8398,27221,0
-17.8594,-3.8906,8.7383,27448,0
-1.6172,-6.3047,4.4102,27624,0
-2.3438,0.3633,-5.7344,27497,0
-13.4141,9.2891,1.2305,27241,0
-26.5547,12.1211,0.8477,27404,0
0.5312,-10.5586,1.9609,27623,0
0.1094,-4.2773,-3.9766,27469,0
-5.3320,10.0586,-2.0234,27251,0
-22.2266,15.9531,4.2578,27259,0
-2.8789,-7.0352,6.6328,27548,0
-8.0508,-11.8594,4.0664,27548,0
1.6406,-0.7109,-6.5391,27466,0
-17.8633,7.9844,3.6445,27221,0
-21.8789,-1.1680,6.5547,27220,0
0.2617,-6.0312,4.4102,27493,0
-7.1328,-8.6797,2.2656,27541,0
-11.0781,9.2891,1.5000,27283,0
-27.6250,14.9961,1.2695,27202,0
-13.4922,-6.9922,5.2539,27474,0
1.2578,-6.2656,-3.7500,27511,0
-5.4453,5.7305,-3.9023,27282,0
-18.2773,17.4492,3.9531,27136,0
-4.7969,-8.1406,7.7812,27321,0
-6.3672,-11.1289,4.7578,27494,0
1.9453,-1.9727,-5.8945,27342,0
-7.5859,2.9297,-0.1484,27103,0
-26.0586,-0.7500,6.2500,27231,0
-0.5430,-6.0703,5.2148,27505,0
-5.2148,-9.0938,2.8398,27445,0
-12.2656,12.8906,1.3477,27184,0
-27.6250,12.2773,0.5820,27158,0
-11.6875,-5.0391,5.5625,27539,0
-1.8438,-10.0547,4.9844,27539,0
-6.3320,3.5039,-4.4766,27387,0
-15.1758,8.8672,2.3828,27161,0
-22.9180,8.0625,3.6836,27124,0
-1.4609,-7.6445,3.8750,27389,0
-0.5430,-0.2109,-4.0547,27497,0
-2.8047,4.1562,-2.9453,27214,0
-25.1758,13.6562,5.6367,27130,0
-3.8008,-7.3398,7.0156,27378,0
-0.8477,-12.8555,0.2734,27439,0
-0.6211,0.4375,-7.3125,27278,0
-19.7773,9.9375,1.7305,27075,0
-20.8477,-3.3516,7.7812,27246,0
1.1055,-6.3047,3.9883,27477,0
0.5664,4.0781,-7.1992,27329,0
-18.0508,14.4961,5.2148,27139,0
-25.0938,7.8711,-0.0312,27188,0
-7.9727,-5.3086,7.5898,27484,0
-0.1992,-8.0234,-4.7812,27344,0
-8.5859,3.1211,-2.2930,27094,0
-15.7148,8.5977,2.5352,27094,0
-5.2539,-7.0742,6.7852,27431,0
-4.6016,-8.7539,3.9141,27431,0
1.1445,0.9766,-7.3477,27413,0
-8.8555,2.9297,-0.4531,27172,0
-23.3750,0.8203,4.2969,27158,0
0.6836,-11.2422,4.8711,27433,0
-0.2734,-8.4062,-0.4922,27440,0
-18.4336,19.0156,5.3672,27251,0
-21.9922,4.0000,0.6562,27116,0
-9.2773,-5.8828,8.2031,27348,0
-4.2188,-9.8281,-2.4062,27485,0
-5.8320,1.9727,-2.3320,27272,0
-15.0938,8.5977,2.9922,27105,0
-22.3398,4.4609,4.2188,27310,0
0.1094,-6.8359,0.8086,27508,0
-6.2109,-1.4375,-2.1406,27420,0
-7.1367,1.8164,-2.6367,27154,0
-24.5273,3.8086,4.0273,27296,0
0.3008,-8.8672,5.4844,27567,0
-1.6914,-9.9805,-0.0312,27411,0
-2.0000,2.2773,-8.2695,27193,0
-25.7500,10.0156,1.6133,27218,0
-10.5820,-7.3750,6.8242,27218,0
0.0312,-7.6445,3.2227,27479,0
-5.4453,0.5938,-3.8242,27469,0
-14.2227,10.7422,2.3047,27171,0
-27.4297,4.1914,6.9414,27168,0
-6.5195,-6.9531,5.9453,27478,0
-0.8867,0.0938,-4.6250,27551,0
-4.4492,6.6797,-2.5586,27262,0
-26.9766,15.4180,3.8359,27202,0
-2.2266,-8.1406,6.0977,27503,0
-1.6523,-13.5781,0.3125,27532,0
-2.0000,2.3945,-6.1953,27353,0
-21.8398,10.5508,3.4141,27198,0
-17.8203,-5.1914,7.6289,27369,0
1.7539,-6.7969,3.4922,27602,0
-2.8789,-4.3867,-0.0312,27485,0
-15.2539,11.0898,2.0742,27245,0
-28.0898,8.8672,2.1914,27359,0
-7.5586,-6.8008,6.1719,27637,0
1.1797,-3.2383,-5.2422,27533,0
-7.5859,4.3477,-1.6797,27248,0
-19.2734,14.8047,2.7656,27248,0
-24.6016,1.8555,3.3008,27305,0
-6.3281,-12.1289,5.9805,27589,0
1.4492,1.2812,-7.3867,27556,0
-8.2070,6.4531,-0.0703,27300,0
-18.5078,-2.9688,6.1719,27274,0
-0.5039,-7.4961,5.1016,27525,0
-1.3477,-6.9922,-0.0703,27618,0
-2.0352,2.4297,-6.6562,27351,0
-28.2773,10.4766,1.1172,27249,0
-9.0508,-5.2695,6.5938,27478,0
-2.2266,-10.2109,4.2578,27540,0
-7.5195,3.5039,-2.9805,27410,0
-15.7109,8.2930,1.7305,27166,0
-24.2930,6.0703,4.6016,27332,0
-1.1953,-8.4844,3.7227,27584,0
-0.3125,0.9766,-5.5078,27459,0
-4.5664,7.4062,-1.9492,27239,0
-27.0508,14.9570,4.2969,27270,0
-3.4141,-7.7188,6.2500,27570,0
-1.8438,-12.1680,-0.4531,27456,0
-1.6172,1.6641,-6.1953,27456,0
-20.8438,9.4023,3.3398,27197,0
-18.3125,-4.1953,8.0898,27203,0
1.6797,-6.3750,3.4922,27501,0
-4.9492,-6.4531,0.0820,27513,0
-12.6523,8.2539,0.5820,27307,0
-27.5469,11.7383,3.2617,27184,0
-10.6602,-6.4180,5.8281,27459,0
-1.0039,-5.9531,-3.2109,27583,0
-5.0625,4.7695,-3.4414,27301,0
-20.1953,16.3750,3.5703,27183,0
-24.1836,2.0469,2.3047,27363,0
-7.3242,-12.0117,4.9492,27540,0
2.2148,0.1328,-6.9648,27414,0
-8.9336,3.9648,-0.5312,27152,0
-23.7969,-4.0430,8.7383,27277,0
0.4141,-6.3789,4.3359,27544,0
-3.1094,-8.2578,1.1953,27505,0
-14.3320,15.0703,1.3477,27215,0
-26.8984,10.0156,-0.1484,27203,0
-9.3945,-5.3086,6.7852,27561,0
-0.9258,-9.7148,4.2969,27561,0
-7.3984,4.3828,-3.6719,27228,0
-15.4492,7.7930,2.9180,27228,0
-22.8750,6.6836,3.4141,27176,0
0.5664,-7.8789,2.4961,27419,0
-3.2969,-0.6719,-2.7148,27536,0
-6.5547,1.0508,-2.4844,27306,0
-17.4805,9.4805,1.9961,27145,0
-2.6875,-7.1445,5.3320,27427,0
-0.8125,-10.0977,1.3477,27527,0
-0.4648,1.7812,-7.8828,27349,0
-27.2852,11.6250,1.9961,27197,0
-13.6836,-5.0391,6.2109,27278,0
0.5664,-7.5625,3.6836,27521,0
-3.5703,2.1641,-5.3242,27406,0
-13.0352,7.0664,1.6914,27148,0
-24.2891,9.1719,2.8789,27242,0
-13.2227,-7.3359,8.7773,27526,0
-2.2266,-4.1602,-2.0625,27544,0
-3.2227,4.3086,-5.3555,27221,0
-20.7695,15.8750,4.0273,27230,0
-4.2188,-7.7188,7.9375,27568,0
-1.9219,-12.9727,3.2617,27456,0
1.1055,-1.9727,-6.8555,27456,0
-11.5312,5.4570,-0.3398,27290,0
-23.6445,-0.4023,6.2500,27181,0
0.2227,-6.6914,4.8711,27418,0
-4.9883,-10.0977,4.7188,27542,0
-8.8516,7.1445,-0.1094,27376,0
-28.0117,12.7344,3.5312,27188,0
-14.5273,-3.2383,4.4883,27340,0
0.0703,-8.3281,4.7578,27565,0
-4.6016,3.7344,-5.5078,27431,0
-14.2188,8.5586,0.9648,27139,0
-25.6328,9.0586,3.4531,27306,0
-0.6211,-8.7148,4.7578,27540,0
0.5664,-2.3203,-3.9766,27507,0
-2.8047,5.6523,-4.0547,27223,0
-22.2266,3.6562,0.8867,27204,0
-3.5312,-7.6055,6.4805,27542,0
-3.8008,-11.3633,3.7227,27461,0
0.9883,-0.2109,-7.1953,27263,0
-19.0508,9.3281,2.6484,27205,0
-23.6016,-0.5938,6.7109,27423,0
0.3750,-6.5352,4.7188,27423,0
0.3398,2.7773,-8.2695,27566,0
-12.7617,12.5430,2.1914,27308,0
-27.3242,12.3906,1.3086,27186,0
-11.5703,-5.6914,6.7852,27390,0
-0.8125,-10.8594,-2.7148,27532,0
-5.7891,3.6172,-3.9766,27391,0
-14.9102,7.4492,2.1523,27151,0
-11.9922,-7.7969,8.7773,27303,0
0.3750,-7.6055,3.0312,27553,0
-1.6914,-1.2070,-3.8242,27510,0
-4.5625,1.7422,-3.3281,27239,0
-25.5938,6.3398,1.1562,27272,0
-1.8828,-8.3008,6.8633,27572,0
-3.0703,-12.9336,2.8789,27541,0
-10.6562,4.6523,0.1211,27297,0
-20.3438,12.2773,3.5312,27252,0
-24.0273,-2.7031,7.6680,27534,0
-5.1016,-9.0625,2.9922,27623,0
-0.1992,3.2344,-7.6562,27395,0
-12.4141,9.2891,2.1914,27293,0
-28.2734,10.6289,1.7305,27293,0
-0.8477,-8.2188,4.1445,27524,0
-0.3125,-7.6016,-3.8633,27641,0
-6.0977,2.6992,-3.9414,27506,0
-24.5273,6.9883,4.1055,27280,0
-9.3516,-7.9102,7.5508,27446,0
-0.5820,-8.3281,3.7227,27677,0
0.0703,-0.4023,-5.8555,27579,0
-26.3203,15.9531,3.7227,27353,0
-17.0547,-2.0508,2.7656,27360,0
-2.7656,-7.4570,5.6367,27658,0
-0.1602,0.9766,-6.6602,27566,0
-12.0703,5.3438,1.0039,27340,0
-20.0000,8.3672,3.5703,27293,0
2.7148,-6.1875,3.1484,27619,0
-6.4023,-8.1055,1.2305,27618,0
-2.1914,2.0859,-6.6172,27403,0
-10.8867,6.7578,-0.1094,27298,0
-13.6055,-5.9570,6.4414,27551,0
2.3320,-7.7617,2.8008,27673,0
-1.6523,-6.4141,-2.7148,27673,0
-20.0000,16.6797,3.6055,27270,0
-24.3320,3.1211,1.3086,27270,0
-3.0312,-7.6406,7.0156,27441,0
-5.4844,-11.3203,5.0625,27609,0
-9.1992,3.5820,-0.7969,27509,0
-18.0469,9.8242,3.1094,27245,0
-24.4844,-2.0117,7.5898,27345,0
-2.9570,-8.6406,2.0742,27679,0
-0.0078,3.5820,-8.2305,27596,0
-12.8008,14.8438,1.4219,27328,0
-26.5859,12.0469,0.1992,27316,0
-0.0078,-9.0625,4.1445,27627,0
-3.0703,-12.6992,-2.2148,27529,0
-5.2109,4.3086,-4.4375,27331,0
-22.3398,7.6797,3.3008,27242,0
-12.2266,-7.0703,8.3555,27501,0
1.8711,-7.1836,2.2266,27591,0
-5.7500,0.5938,-3.2891,27407,0
-15.7891,7.2188,2.3438,27205,0
-23.9102,6.2227,4.6406,27445,0
-8.2422,-6.9141,6.4805,27445,0
-0.8867,-0.2500,-7.8867,27425,0
-10.0039,16.4180,-1.5273,27425,0
-25.2109,13.6172,2.3047,27258,0
-0.3906,-7.7969,5.0234,27330,0
-5.4844,-13.2734,0.4648,27574,0
-2.1133,1.7422,-5.6641,27437,0
-12.9570,6.8750,1.8828,27225,0
-15.7500,-4.6953,8.0508,27266,0
2.7148,-6.5312,2.8398,27484,0
-7.0547,-6.8789,0.4648,27573,0
-8.3242,6.6055,0.2734,27291,0
-30.6914,11.5469,5.4844,27249,0
-8.2852,-6.4180,4.7578,27563,0
-1.6172,-11.5508,3.3398,27521,0
-9.0859,5.3438,-1.1055,27316,0
-19.2773,13.8867,1.9961,27212,0
-25.7148,0.8984,4.6406,27414,0
-5.2539,-12.0117,5.4844,27557,0
1.3359,1.6250,-7.3438,27360,0
-6.5195,8.4844,0.1602,27186,0
-17.0547,-2.9688,5.2539,27369,0
-1.5391,-7.7578,4.8320,27544,0
-0.5430,-8.9453,-2.4453,27444,0
-1.8086,1.8945,-6.0508,27444,0
-26.6680,10.7422,2.8789,27165,0
-14.5664,-7.2227,7.5156,27273,0
1.7188,-7.5664,3.4141,27577,0
-1.9609,5.8008,-4.3242,27498,0
-21.9922,17.3711,4.0664,27234,0
-23.0234,0.1328,2.0742,27216,0
-3.9531,-6.4531,6.2891,27528,0
1.2188,-1.3242,-6.5117,27474,0
-9.5781,2.8516,0.4258,27270,0
-17.4766,7.7188,2.9570,27186,0
-1.8086,-6.7227,5.5234,27461,0
-2.3828,-8.6445,0.8086,27564,0
-1.6172,1.1289,-6.3906,27334,0
-27.5078,15.9141,3.6445,27227,0
-16.1367,-5.8047,3.8750,27415,0
-1.5391,-11.5469,3.9883,27541,0
4.6680,-10.8594,-5.3203,27363,0
-14.1055,15.6797,4.0664,27160,0
-27.6680,8.4062,7.0156,27312,0
-10.8086,-7.4922,5.4062,27312,0
3.9375,-4.3867,-7.5820,27467,0
-5.7539,1.3203,-1.4883,27467,0
-16.9414,16.1836,4.1055,27170,0
-28.3906,3.8086,3.7969,27253,0
-4.5273,-13.4609,1.8828,27563,0
4.7812,-0.8633,-9.4180,27458,0
-9.6211,7.7188,1.1953,27219,0
-23.5664,-2.3555,4.4883,27240,0
0.3008,-6.8398,5.3320,27527,0
-3.2617,-13.6953,-0.7969,27502,0
1.5625,0.7461,-8.4258,27324,0
-26.2461,12.2383,5.4062,27217,0
-16.8242,-5.9219,5.6367,27411,0
1.6406,-8.5234,3.9141,27573,0
-3.8359,3.7344,-5.3516,27400,0
-13.1836,15.6484,2.9180,27194,0
-28.3906,6.3008,3.1094,27355,0
-1.9609,-13.2773,2.7266,27565,0
3.4414,-1.8984,-6.3906,27427,0
-9.2734,7.3711,-1.2969,27247,0
-18.5898,16.6797,4.6797,27247,0
-2.1523,-6.8750,6.1719,27549,0
-5.0234,-15.3047,2.8398,27549,0
2.9062,2.2773,-8.0781,27455,0
-18.7734,13.1562,3.7227,27250,0
-23.6406,-1.2461,4.4883,27228,0
0.2227,-7.7578,5.0625,27480,0
-3.1875,-13.6562,2.8008,27522,0
-12.6094,14.8438,2.9922,27312,0
-25.0977,9.6328,3.3789,27245,0
-14.8320,-5.9570,4.6797,27402,0
-1.7305,-12.2422,-2.4453,27554,0
-4.4883,4.7305,-5.2461,27373,0
-13.9102,10.5508,1.9961,27170,0
-23.0664,8.2930,3.1484,27338,0
1.8711,-8.9102,3.4141,27541,0
-1.6172,-6.3398,-0.6055,27472,0
-4.8320,6.2617,-5.2422,27256,0
-25.2891,1.3594,0.6953,27268,0
-4.7969,-7.2227,6.0586,27532,0
-3.8750,-13.6172,2.8789,27465,0
-11.3828,4.7305,-0.7617,27275,0
-16.1758,11.6250,2.8008,27193,0
-24.6016,2.4297,4.1445,27193,0
-3.3789,-7.1133,6.2891,27430,0
-0.1602,3.4258,-7.0430,27545,0
-9.0078,9.8633,0.5430,27322,0
-23.2188,15.3398,3.9531,27209,0
-0.1992,-7.9453,4.3750,27340,0
-3.9141,-14.5781,-0.3398,27524,0
-0.6562,4.3828,-6.7734,27376,0
-13.6445,8.5234,1.3477,27169,0
-20.3867,-3.7734,6.5938,27244,0
2.5234,-7.1836,3.8359,27500,0
-4.3359,-10.8594,0.8477,27462,0
-15.0625,18.2891,5.2539,27237,0
-25.9414,6.4922,2.0352,27189,0
-10.2734,-6.3047,6.2891,27473,0
-2.3828,-10.9375,3.4141,27422,0
-6.9414,4.8047,-2.9062,27296,0
-14.5664,10.8203,2.4961,27146,0
-23.2578,7.3711,2.3047,27349,0
-1.3867,-10.0938,3.2227,27539,0
1.2188,-2.9688,-5.3555,27319,0
-5.8672,8.9766,-0.5312,27319,0
-22.5742,-2.0117,0.3906,27202,0
-2.6133,-6.1133,5.8281,27272,0
-6.0195,-14.8047,2.3828,27515,0
2.2539,-1.0938,-7.2383,27396,0
-16.5938,10.1680,3.1875,27202,0
-23.1836,2.3945,3.6445,27210,0
-2.0352,-6.8008,5.9805,27467,0
1.7188,3.3125,-9.1094,27503,0
-10.3477,11.7383,2.4180,27286,0
-23.4141,13.5000,3.1484,27208,0
-18.4336,-4.6562,3.2617,27413,0
-3.1875,-13.3516,-0.3398,27479,0
-2.1133,4.3086,-6.1992,27367,0
-13.2969,9.8633,1.6523,27166,0
-18.5078,-4.3477,6.0977,27311,0
1.2969,-8.2969,3.9883,27505,0
-2.2656,-10.6328,0.7734,27436,0
-2.9961,4.7305,-6.7773,27239,0
-25.5586,6.2227,1.5781,27251,0
-10.3477,-6.8789,5.8672,27503,0
-2.1523,-10.8203,3.5312,27503,0
-7.7070,4.0781,-3.2500,27273,0
-14.4062,11.9297,2.3438,27273,0
-24.0664,6.5664,3.0703,27193,0
-1.0039,-10.8633,4.1055,27429,0
0.3008,-2.7773,-3.8633,27509,0
-7.0195,5.7656,-2.7148,27347,0
-18.1250,19.5156,2.8789,27239,0
-3.2617,-6.4531,6.1367,27313,0
-5.6758,-14.1602,2.8789,27517,0
2.5234,-1.2852,-7.0000,27408,0
-15.7539,11.5859,2.4961,27206,0
-24.4844,2.0469,5.1406,27283,0
-2.5352,-6.9180,5.5234,27507,0
-2.9180,-12.5859,4.1797,27527,0
-9.8516,10.6641,0.4258,27278,0
-23.1055,15.0742,3.1094,27241,0
-18.2031,-4.6562,2.9570,27496,0
-4.8320,-14.6484,-0.1836,27489,0
-0.6211,3.9648,-6.3906,27371,0
-13.6797,7.7188,1.1172,27190,0
-19.0469,10.0938,2.8789,27360,0
2.6758,-6.7227,3.7969,27564,0
-4.1836,-12.2070,3.3789,27564,0
-2.4570,6.1484,-8.2266,27440,0
-25.8594,8.9805,1.6914,27264,0
-10.9648,-6.9531,5.5977,27301,0
-1.5781,-10.7812,3.6055,27541,0
-7.2852,4.5000,-3.6328,27461,0
-14.4102,11.2422,1.6133,27262,0
-23.3789,7.1797,3.9531,27220,0
-12.8359,-6.4961,7.0938,27497,0
-2.3438,-5.5742,-0.6836,27540,0
-5.6367,5.6094,-4.8203,27297,0
-17.6289,18.4492,3.5703,27221,0
-4.1445,-7.3750,5.7891,27392,0
-4.6406,-13.9609,2.6484,27515,0
2.6758,-1.7461,-6.5781,27386,0
-11.8086,4.9961,-0.6445,27155,0
-24.4102,2.1992,4.7930,27271,0
-3.2227,-7.0742,5.7148,27528,0
-2.8047,-12.7344,4.4492,27488,0
-9.2734,8.5977,0.1211,27218,0
-22.0312,16.2227,3.8750,27239,0
-19.9258,-3.6602,2.4961,27239,0
-4.3750,-14.6211,-0.1094,27526,0
-0.1992,3.5820,-6.5820,27468,0
-13.4922,8.3320,1.0781,27331,0
-19.1953,10.6289,3.0312,27171,0
2.2930,-7.1094,4.1055,27444,0
-4.3750,-12.6992,3.5703,27585,0
-1.8086,5.4180,-8.1914,27392,0
-25.3711,9.6328,2.3828,27274,0
-12.3047,-6.6094,5.2930,27320,0
-1.3867,-10.1758,3.5703,27607,0
-0.6953,-10.8984,-3.6719,27498,0
-14.4062,11.2422,1.7305,27261,0
-22.7969,7.7188,3.2617,27305,0
-13.8398,-6.1875,7.3594,27570,0
-2.1133,-6.4570,-0.3398,27623,0
-5.3320,5.3477,-5.1289,27371,0
-16.8633,18.7148,3.5312,27305,0
-25.2109,2.6211,0.6953,27539,0
-4.3359,-13.4609,2.6875,27614,0
2.4453,-3.4297,-6.3125,27494,0
-11.3867,4.8047,-0.9141,27494,0
-24.1797,3.0039,4.3750,27263,0
-4.6406,-7.0352,6.2500,27412,0
-2.2266,-12.0469,4.2578,27664,0
-8.7031,7.8320,-0.4922,27586,0
-21.7266,17.1016,3.8750,27317,0
-20.7266,-3.0078,2.1133,27362,0
-0.6562,-7.6836,4.5273,27652,0
0.4141,3.1953,-6.6992,27582,0
-13.1797,7.4883,0.7344,27381,0
-18.6250,10.9336,3.0703,27290,0
2.2148,-6.7969,4.1445,27556,0
-4.6406,-13.2344,3.9883,27643,0
-1.5000,5.3047,-8.1523,27462,0
-11.6914,13.3047,2.1133,27323,0
-13.6797,-6.4180,4.9102,27443,0
-1.1953,-10.1367,3.4141,27661,0
-0.2734,-11.1289,-3.4805,27521,0
-13.9453,11.3945,1.5391,27304,0
-23.0625,8.2148,3.7227,27346,0
-14.1797,-5.8828,7.0547,27605,0
1.3711,-8.8320,3.6836,27613,0
-5.1445,4.0781,-5.0508,27613,0
-15.7891,18.4492,3.3398,27329,0
-26.2070,3.7734,1.2695,27304,0
-3.7617,-13.2773,2.6875,27580,0
2.5234,-3.2383,-6.1953,27550,0
-10.6992,4.8828,-1.4883,27426,0
-15.7930,12.1992,2.6094,27237,0
-4.6016,-7.1094,6.4023,27425,0
-3.2617,-12.7734,4.5273,27599,0
0.9492,1.5508,-6.3125,27470,0
-20.6914,17.3320,4.0664,27303,0
-22.2617,-2.0898,2.0742,27334,0
-0.9258,-7.9062,4.6406,27617,0
0.7578,3.1953,-7.1172,27537,0
-12.4570,8.0625,0.5820,27286,0
-19.6172,11.3945,3.9531,27295,0
-21.3047,-1.6680,5.4844,27555,0
-5.0234,-13.9648,3.7969,27585,0
-0.6953,4.6914,-8.0039,27375,0
-11.2695,11.8125,2.1914,27262,0
-15.3672,-5.8438,4.7188,27480,0
-0.6562,-9.8320,3.3789,27480,0
-0.3906,-11.0898,-2.7148,27593,0
-5.2500,4.6914,-5.1641,27466,0
-23.6406,7.8711,3.1875,27247,0
-13.5273,-5.6133,6.7109,27357,0
-0.2383,-9.8711,3.8750,27602,0
-5.7500,3.3125,-4.3242,27550,0
-15.0234,17.4844,3.1875,27290,0
-25.9805,4.9219,1.9961,27299,0
-7.4375,-7.1836,6.1719,27575,0
2.4844,-3.9297,-5.8164,27525,0
-9.9336,4.5391,-1.6406,27332,0
-15.6719,13.7305,2.6875,27215,0
-5.0625,-6.8398,6.4414,27452,0
-4.2578,-13.6953,4.3359,27522,0
2.4453,0.8984,-6.6992,27386,0
-19.4336,17.2930,3.6055,27213,0
-22.9180,-1.4375,2.1914,27284,0
-1.2695,-7.0703,5.1758,27552,0
-5.8281,-15.0312,1.4609,27397,0
-11.7695,6.7969,0.5430,27169,0
-18.7383,12.5820,3.7617,27208,0
-22.5703,-1.0156,5.4844,27208,0
-5.1406,-14.2383,3.7969,27458,0
-0.0430,4.5781,-8.1523,27470,0
-11.1211,10.7422,1.9961,27231,0
-24.3711,13.1172,3.2617,27174,0
-0.1211,-9.2148,3.6445,27412,0
-1.5391,-12.3125,-1.9492,27436,0
-4.4102,4.8828,-5.7031,27336,0
-23.0625,8.7891,3.5312,27130,0
-15.0273,-4.9609,6.6328,27260,0
0.4922,-8.9453,3.9883,27496,0
-1.6914,-8.9102,-0.8750,27387,0
-13.9883,16.1055,2.8008,27161,0
-26.4375,6.6055,2.1523,27203,0
-8.7773,-7.0703,6.0586,27466,0
2.2930,-5.0781,-5.3516,27410,0
-9.4297,4.6523,-2.2539,27220,0
-15.2500,14.1133,2.7266,27151,0
-6.2891,-6.5703,6.6758,27406,0
-3.9141,-13.3164,4.2969,27442,0
2.3672,-0.5195,-6.1992,27301,0
-9.2344,4.6133,-0.4922,27158,0
-24.2930,0.4375,2.3047,27158,0
-2.2656,-7.0703,5.5625,27306,0
-4.9492,-14.8867,2.4961,27486,0
-11.8438,7.0273,0.6172,27380,0
-18.5117,13.1953,3.3008,27151,0
-22.4961,-0.6328,3.8750,27216,0
-0.5820,-7.1133,5.1016,27504,0
0.6055,3.8477,-7.8047,27409,0
-11.5039,10.6289,2.1914,27197,0
-22.5703,13.1172,3.5703,27199,0
0.1836,-7.7617,4.2578,27438,0
-3.9531,-14.1562,-0.2227,27424,0
-1.6914,4.4609,-6.5430,27294,0
-21.7656,10.3984,3.2617,27139,0
-17.6250,-4.2344,6.2109,27320,0
0.5312,-8.6445,4.1445,27476,0
-1.7695,-10.5586,-0.0312,27369,0
-13.9102,16.8672,3.0312,27191,0
-25.4375,7.0273,1.8047,27219,0
-10.4219,-6.5312,5.9805,27219,0
0.0312,-8.9844,-4.2852,27402,0
-7.6641,4.2305,-3.3633,27402,0
-14.3320,11.9688,1.7695,27228,0
-23.6055,6.6055,3.1094,27199,0
-0.7344,-10.5938,4.1445,27442,0
-0.2734,-3.6953,-2.9805,27515,0
-6.9375,4.8047,-3.1719,27297,0
-24.4453,1.2422,0.9258,27225,0
-3.8008,-7.0312,5.6758,27368,0
-4.9492,-13.9219,2.8398,27506,0
2.2539,-1.7812,-6.6172,27416,0
-15.8984,11.8555,2.2656,27190,0
-23.6055,2.3555,4.2578,27280,0
-3.4922,-6.6484,6.0195,27546,0
0.0312,2.7773,-6.8164,27497,0
-9.3945,8.7500,0.3125,27275,0
-21.8750,16.5664,3.6836,27272,0
-0.4297,-7.2617,4.4492,27537,0
-4.9883,-14.9648,0.5430,27498,0
0.1484,3.5039,-6.6992,27370,0
-13.3750,7.7539,0.9648,27370,0
-20.9258,-2.1289,6.1719,27416,0
1.4492,-6.5742,4.4102,27416,0
-4.7188,-13.3125,3.9531,27584,0
-11.5352,13.8867,2.1914,27431,0
-25.1367,11.0898,2.7266,27266,0
-13.4570,-6.4570,4.7188,27332,0
-0.7344,-9.2500,3.6445,27594,0
-5.3281,4.9961,-4.9375,27471,0
-14.1797,10.8203,1.4609,27312,0
-21.3477,7.9453,2.6484,27252,0
1.6406,-8.2969,3.6445,27542,0
-3.3789,-8.4453,0.6562,27559,0
-4.7188,4.3086,-5.8516,27337,0
-15.0234,18.4453,2.8008,27262,0
-6.7539,-6.6094,6.2500,27422,0
-3.6836,-12.5469,3.5703,27554,0
1.0273,-6.4922,-5.8555,27435,0
-14.8711,11.6250,1.9961,27199,0
-23.3750,5.1523,3.2617,27333,0
-8.0117,-6.7617,7.0156,27544,0
-0.7734,-0.7500,-4.2461,27501,0
-7.7422,7.4102,-1.9844,27280,0
-20.0000,18.4062,3.6055,27251,0
-22.0352,-1.7461,1.0039,27251,0
-5.3320,-15.0039,2.3047,27539,0
1.2188,0.9375,-6.7383,27487,0
-12.9570,6.0312,0.2734,27339,0
-22.2266,0.6289,4.4883,27218,0
-0.8867,-6.6523,5.4453,27413,0
-4.6016,-13.6211,4.7188,27563,0
-0.8125,4.6523,-7.9219,27413,0
-23.6445,14.2695,3.1484,27262,0
-16.7812,-5.1172,3.7617,27320,0
0.4531,-7.6055,4.2578,27590,0
-1.8438,4.8828,-6.3164,27478,0
-13.9492,9.0586,1.2695,27264,0
-19.4336,9.2500,2.6094,27262,0
-18.8906,-3.8516,6.9023,27525,0
-4.4492,-11.4414,2.8398,27566,0
-2.9961,5.5703,-7.8086,27324,0
-13.9492,16.9453,2.9922,27264,0
-9.5469,-6.9141,5.8281,27473,0
-1.5000,-10.5586,3.6445,27571,0
-1.1172,-9.9805,-4.1328,27571,0
-14.8320,11.0898,1.8047,27221,0
-22.0703,6.5664,2.6484,27221,0
-11.7305,-6.3789,7.8203,27353,0
0.7227,-9.3320,3.6055,27583,0
-6.1328,5.2656,-4.3594,27529,0
-17.5117,18.8320,3.6836,27275,0
-24.5625,1.7031,0.7344,27291,0
-4.0273,-13.7344,2.8789,27608,0
1.5625,-1.8594,-6.3555,27500,0
-12.1094,5.4180,-0.7969,27346,0
-15.9375,11.5469,2.3828,27245,0
-3.3789,-6.7969,6.2891,27452,0
-3.1094,-12.8516,4.3750,27578,0
-0.9648,2.7383,-6.2734,27379,0
-22.0312,16.6055,4.2188,27280,0
-19.8828,-3.3516,2.2266,27341,0
-0.1211,-7.4961,4.3750,27583,0
-5.1406,-14.9258,0.5039,27442,0
-12.7227,8.1406,0.6172,27239,0
-18.4727,10.5898,3.1875,27279,0
-21.2266,-2.3203,6.4414,27279,0
-5.3320,-13.6602,3.9531,27545,0
-2.1133,5.2656,-7.8867,27545,0
-10.7695,12.2383,1.7305,27306,0
-14.1016,-6.2656,4.6016,27302,0
-0.4297,-10.0938,3.3008,27488,0
-0.6562,-11.1250,-2.8672,27552,0
-6.1719,5.1523,-4.8984,27414,0
-22.4531,7.7539,3.1484,27229,0
-13.9492,-5.5000,6.8242,27377,0
0.6836,-9.2500,3.7969,27577,0
-5.5273,3.5430,-4.9727,27488,0
-14.6406,17.4844,2.9570,27262,0
-25.6758,5.1133,2.1133,27311,0
-7.2070,-7.2227,5.9062,27585,0
1.4883,-4.6172,-5.5508,27498,0
-10.0391,4.6133,-2.2539,27312,0
-15.0273,13.3477,2.4180,27264,0
-5.7539,-6.6523,6.4414,27502,0
-3.6094,-13.1211,4.7188,27576,0
1.0273,0.0547,-5.9297,27390,0
-9.0078,4.8828,-0.7617,27273,0
-23.4492,-0.1758,2.0742,27392,0
-1.6914,-7.1445,5.4062,27392,0
-5.0625,-15.0703,2.1523,27584,0
-11.8477,7.1445,0.0078,27485,0
-18.1641,12.3906,3.6836,27234,0
-22.2305,0.0547,4.3750,27304,0
-5.5625,-14.9219,3.8359,27574,0
0.3008,4.3828,-8.0781,27539,0
-11.0430,9.6719,1.6523,27302,0
-22.5703,13.8477,3.5312,27293,0
0.3750,-8.1016,4.2188,27528,0
-3.5312,-14.0430,-0.3008,27534,0
-2.4961,4.5391,-6.4297,27405,0
-21.5742,10.2852,3.4922,27254,0
-17.2070,-4.2344,5.9453,27378,0
0.9492,-8.4453,4.1055,27589,0
-2.8789,-11.1289,0.1211,27494,0
-13.3359,15.7969,2.6094,27257,0
-25.3320,7.9102,2.3828,27327,0
-10.9219,-6.4961,5.8281,27578,0
-0.1602,-8.7109,-3.9023,27508,0
-7.7461,4.0781,-3.7109,27308,0
-13.9453,12.6992,1.8047,27308,0
-23.9492,6.9531,3.3789,27253,0
-1.7695,-11.5898,4.4102,27494,0
0.1836,-3.4688,-3.9375,27567,0
-7.5547,3.7344,-2.5977,27358,0
-24.9453,2.2383,1.5000,27271,0
-3.9922,-6.8750,5.8281,27386,0
-4.6406,-14.0820,3.0703,27555,0
-11.0430,4.6914,-0.9883,27455,0
-15.8984,12.6211,2.8398,27194,0
-23.9102,2.8906,4.1797,27283,0
-2.7656,-6.5312,5.8281,27531,0
0.8359,2.9688,-7.3438,27513,0
-9.7383,6.5312,0.5039,27235,0
-20.6523,16.6445,3.5312,27248,0
-0.3125,-7.5664,4.5273,27486,0
-4.8711,-14.7695,1.0391,27475,0
-0.0820,3.5430,-7.3438,27325,0
-11.9922,8.1758,0.5820,27158,0
-20.6914,-1.6680,5.4062,27333,0
1.7188,-6.6094,4.4492,27514,0
-5.7891,-14.6484,3.2227,27514,0
-11.3438,9.8633,1.8438,27157,0
-23.9844,12.7344,3.3789,27157,0
-16.4375,-4.9609,4.7188,27238,0
-0.1211,-9.6367,3.6445,27508,0
-5.4062,5.1523,-5.7344,27428,0
-13.2227,13.7695,1.8438,27179,0
-23.7578,7.7188,3.3008,27183,0
-0.6211,-9.3672,4.1797,27431,0
-2.0742,-9.7930,-2.2539,27435,0
-5.7148,2.6992,-4.3242,27305,0
-25.4375,8.7500,3.8750,27143,0
-10.9258,-6.1875,6.0977,27311,0
-1.7305,-11.6250,3.9531,27514,0
1.3711,-5.8047,-4.0938,27366,0
-16.1328,18.3281,2.6875,27183,0
-24.5625,2.0859,0.9258,27226,0
-5.3320,-6.1875,6.2930,27483,0
1.1797,-3.6602,-5.6641,27426,0
-10.5820,3.7734,-1.1055,27207,0
-15.2148,12.1602,2.1133,27170,0
-23.6797,4.3828,3.6445,27456,0
-2.7656,-13.4648,4.7578,27482,0
-0.2383,1.8945,-5.9727,27482,0
-8.9727,7.4492,-0.9141,27293,0
-21.1914,-2.3555,1.5781,27192,0
-0.9648,-6.6484,5.0234,27320,0
-5.4844,-15.2305,1.5000,27497,0
-13.6406,6.5664,0.6953,27380,0
-16.6328,10.7070,2.3828,27152,0
-22.2266,-0.4023,5.3320,27217,0
0.0703,-6.2695,4.9844,27518,0
0.9883,2.0078,-8.6484,27469,0
-11.4609,13.6602,3.4141,27214,0
-23.6055,13.3477,3.6445,27210,0
1.0273,-6.6523,4.2188,27489,0
-6.9414,-15.8047,-0.8359,27471,0
-0.8477,3.8867,-6.6172,27346,0
-12.9570,8.6758,1.1172,27163,0
-19.8125,-4.3477,8.0117,27347,0
2.1758,-6.3789,3.5703,27553,0
-5.2148,-11.7031,0.8477,27412,0
-13.9102,17.7109,4.0273,27217,0
-25.9766,8.6758,2.1914,27254,0
-10.6992,-6.6875,5.9453,27254,0
-0.8867,-9.9023,3.6055,27562,0
-6.7148,5.1133,-3.8242,27424,0
-14.4102,11.2812,1.5391,27257,0
-21.7656,7.4492,2.1523,27202,0
0.7969,-9.4102,3.6055,27463,0
-2.1914,-5.6914,-0.7969,27550,0
-6.1758,5.7266,-4.5898,27298,0
-24.2930,1.9336,0.4258,27233,0
-4.0664,-6.5742,5.9453,27359,0
-4.4102,-13.1172,3.1875,27522,0
1.1055,-4.9258,-6.7734,27421,0
-15.6719,11.2422,2.0352,27189,0
-22.6094,4.3086,3.7969,27259,0
-6.0977,-6.6094,6.8633,27543,0
-2.3828,0.2109,-3.8633,27517,0
-7.9023,7.2578,-1.7930,27254,0
-21.0391,18.1367,3.8359,27239,0
-21.3438,-2.0508,1.5391,27493,0
-4.7578,-15.4258,1.5000,27489,0
0.4141,2.2383,-6.7734,27343,0
-13.6445,6.8359,0.5039,27343,0
-22.1094,-0.4414,5.5625,27191,0
0.8750,-6.5703,4.8320,27352,0
-4.4102,-13.6172,4.1797,27557,0
-1.9219,5.2266,-7.6211,27411,0
-24.2891,13.7305,3.2617,27224,0
-15.4883,-5.4609,4.0664,27268,0
0.2617,-8.1406,4.0273,27572,0
-3.2617,5.1133,-5.7344,27441,0
-14.3711,9.6328,1.1953,27262,0
-19.5781,8.5234,2.4961,27215,0
3.2109,-7.1836,3.4922,27487,0
-5.1797,-11.2852,3.0312,27547,0
-3.3789,5.8398,-7.7266,27301,0
-14.3320,16.9453,2.8398,27247,0
-8.8945,-5.9961,6.2109,27363,0
-2.0742,-10.7812,3.9141,27546,0
-1.4609,-11.2812,-4.9727,27405,0
-14.5664,9.9766,1.5000,27172,0
-21.0742,7.3711,2.6484,27291,0
-13.2578,-6.3789,8.2031,27513,0
2.3672,-8.2227,3.1094,27530,0
-5.6758,7.2969,-5.3555,27530,0
-18.2422,18.4492,3.8750,27253,0
-23.3789,1.8945,0.2344,27227,0
-4.6016,-14.2383,3.1094,27540,0
1.4102,-3.8125,-6.5117,27482,0
-12.3398,4.9961,-0.6445,27343,0
-22.3750,3.4258,4.1797,27208,0
-5.9844,-6.5703,6.4023,27352,0
-0.5430,-10.6367,3.4531,27576,0
-3.0312,0.0195,-3.9414,27437,0
-21.3086,17.4844,3.7617,27253,0
-19.8516,-2.7031,1.8047,27296,0
-0.7734,-6.5352,4.9492,27564,0
1.0664,1.8945,-6.5430,27488,0
-13.9062,6.2227,0.5430,27284,0
-16.6758,9.8633,1.9961,27237,0
-21.5312,-0.3281,5.8281,27496,0
-3.1094,-11.8945,3.8359,27571,0
-3.1484,4.9609,-6.0859,27352,0
-10.8867,12.0117,0.5820,27352,0
-14.9492,-5.1172,3.9531,27372,0
-0.6211,-8.1445,4.3750,27372,0
-3.9141,-14.5391,-1.4492,27572,0
-2.9180,4.9609,-5.0898,27424,0
-18.0859,8.4453,1.9961,27218,0
-18.9297,-3.5820,7.2461,27284,0
1.9102,-7.0352,3.9883,27522,0
-2.8789,5.9570,-7.0781,27559,0
-13.1445,15.4531,2.7266,27270,0
-24.6758,8.9805,1.5391,27244,0
-1.6914,-10.2539,3.6445,27483,0
-1.3867,-11.2812,-3.4414,27509,0
-7.6641,5.6875,-3.9414,27392,0
-14.1445,10.0156,1.0391,27181,0
-14.3281,-5.5742,7.7070,27350,0
1.7539,-7.9453,3.7969,27550,0
-4.9492,-8.6016,1.3086,27468,0
-14.2578,16.6836,2.8398,27250,0
-25.4375,5.7266,1.7695,27286,0
-7.4414,-7.1094,5.1406,27558,0
-2.5742,-12.6289,2.9570,27502,0
-10.6992,5.4961,-2.7148,27298,0
-14.6836,11.4727,1.3867,27227,0
-22.5742,4.8828,3.6055,27227,0
-0.0820,-10.2500,4.1797,27440,0
-2.8789,-3.0898,-1.2969,27542,0
-7.9414,4.4609,-3.1719,27389,0
-16.9375,17.6758,2.4570,27220,0
-3.7617,-7.2578,5.1016,27347,0
-3.7617,-14.0039,2.4961,27557,0
1.0664,-0.6719,-5.6641,27465,0
-15.8281,11.3555,2.1523,27237,0
-22.8789,2.3945,4.5664,27246,0
-3.5312,-6.6484,5.4844,27518,0
-1.1953,2.2383,-4.9727,27562,0
-9.6172,6.5664,-0.8750,27288,0
-19.8828,16.7969,3.2227,27262,0
-20.9609,-2.0117,2.3047,27463,0
-3.7617,-14.4258,1.0039,27551,0
-0.8867,3.1953,-5.9727,27437,0
-12.6523,7.1055,-0.4531,27177,0
-21.3828,-0.4805,5.8281,27334,0
0.5312,-6.6133,4.6016,27543,0
-4.6797,-13.9609,4.3359,27518,0
-1.8828,5.2656,-6.9219,27257,0
-22.2969,14.2305,3.1094,27257,0
-17.6289,-4.2734,3.6836,27262,0
-0.5820,-9.0664,3.6055,27531,0
-4.3359,4.9219,-5.6289,27521,0
-12.6133,10.2461,0.2344,27342,0
-20.8867,10.2070,4.2188,27188,0
-17.6250,-3.1602,5.5625,27398,0
-4.7188,-13.1953,2.0742,27566,0
-3.6445,4.7695,-6.5820,27413,0
-11.8047,11.3164,1.0039,27225,0
-14.5664,-5.3828,5.2539,27336,0
-0.8477,-10.3633,3.7969,27536,0
0.3008,-9.7500,-1.9844,27495,0
-14.0664,15.4141,2.0742,27272,0
-23.5273,6.7578,2.3047,27241,0
-11.1523,-5.6133,5.7539,27526,0
-2.0000,-10.6328,4.1445,27520,0
-7.9375,3.7734,-3.5195,27377,0
-13.2227,13.2383,1.3477,27214,0
-23.8281,7.2188,3.7227,27214,0
-1.7695,-11.5469,4.3359,27586,0
0.6445,-5.4648,-3.2891,27586,0
-9.0078,5.1133,-3.3281,27455,0
-14.9844,17.6445,1.7305,27257,0
-5.5977,-5.4219,6.2500,27296,0
-4.6406,-12.9688,4.1055,27578,0
1.0664,-5.1172,-5.3203,27502,0
-14.0273,12.2383,1.0781,27321,0
-23.9453,4.7305,4.7188,27248,0
-7.1367,-6.7617,5.2539,27504,0
-0.8125,-11.9688,3.8750,27574,0
-9.4297,8.6758,-1.9492,27371,0
-19.4648,18.2891,2.9922,27257,0
-20.8047,-1.9375,1.1172,27386,0
-5.6367,-15.1523,1.9609,27604,0
0.2617,-0.8242,-5.6641,27457,0
-13.4570,4.9609,-0.4141,27213,0
-21.4961,2.6602,5.4062,27271,0
-2.9961,-6.3359,5.3320,27541,0
-2.5352,-11.8203,4.3750,27583,0
-2.7656,2.7773,-5.0469,27583,0
-20.8477,16.4883,2.0352,27257,0
-18.5859,-3.7734,3.2227,27257,0
-0.0078,-7.3398,4.6016,27480,0
-1.4258,4.0781,-5.6680,27550,0
-13.9062,7.2188,0.6562,27423,0
-17.3633,9.9766,1.9609,27182,0
-21.3086,-2.2812,6.8633,27349,0
-3.6445,-11.4727,3.2227,27594,0
-3.1875,5.6094,-7.0430,27518,0
-12.2266,14.2695,0.6172,27293,0
-12.9531,-4.7344,5.5234,27264,0
-0.3906,-7.8750,4.5273,27562,0
-5.5234,-15.5352,-1.2188,27495,0
-2.9570,5.2305,-4.8594,27370,0
-18.8906,8.1016,2.1914,27211,0
-17.8945,-4.3125,8.8164,27431,0
2.3672,-7.2227,3.2617,27618,0
-3.2227,5.9570,-7.1562,27416,0
-15.1758,16.9844,1.4609,27262,0
-24.1055,6.3008,0.5039,27316,0
-1.6523,-10.5547,4.0664,27574,0
-2.9180,-11.4375,-3.5547,27574,0
-8.0508,5.2266,-2.9062,27460,0
-14.0234,9.3633,1.3086,27248,0
-12.5352,-6.6484,7.9727,27252,0
1.0664,-9.2930,3.7227,27534,0
-4.2188,-3.4297,-1.2188,27546,0
-17.9336,19.5156,2.3438,27310,0
-23.3750,0.9375,1.3086,27247,0
-3.8750,-5.4609,6.5977,27415,0
-4.1836,-13.3125,3.4531,27562,0
-11.4648,3.8867,-0.6836,27420,0
-14.9062,9.5195,1.9961,27198,0
-21.8789,4.9609,3.3008,27343,0
-0.5820,-10.7422,3.8750,27589,0
-3.3789,1.3203,-3.4375,27535,0
-8.8164,9.5938,-2.4844,27318,0
-21.1914,16.6797,2.5742,27308,0
-0.9648,-7.4570,4.5273,27554,0
-4.1055,-14.3047,1.3086,27508,0
-0.7344,2.0859,-5.4688,27376,0
-16.2148,9.7109,2.0742,27237,0
-21.6094,-0.4414,5.9805,27415,0
-0.2734,-6.7578,4.9102,27415,0
-3.6445,5.7266,-5.8516,27586,0
-10.1172,10.0547,-0.1094,27433,0
-23.3789,13.9609,2.3438,27278,0
-15.7109,-4.9258,3.6836,27332,0
-2.2266,-12.8555,-1.2188,27571,0
-4.4883,5.3438,-5.0508,27457,0
-13.9883,9.4414,0.6562,27249,0
-18.4688,-3.4297,6.4023,27259,0
2.7500,-7.7188,4.0273,27478,0
-5.5234,-11.6641,4.1055,27548,0
-4.0273,6.5312,-7.2344,27312,0
-24.6016,8.6367,2.0742,27243,0
-10.6562,-6.4180,5.0625,27405,0
-1.6172,-10.8984,3.5703,27550,0
-7.8984,5.2266,-3.9414,27414,0
-13.9102,10.3594,1.0391,27178,0
-20.9648,7.1055,3.3398,27294,0
-13.6836,-5.4219,7.0547,27514,0
-5.1016,-7.7578,2.0352,27536,0
-6.0195,5.8008,-5.7773,27253,0
-14.9062,17.2188,2.1914,27253,0
-5.9062,-7.4961,5.1758,27517,0
-2.9180,-12.9727,2.8008,27517,0
0.5312,-4.2344,-4.5508,27491,0
-14.7109,11.6250,1.9219,27348,0
-22.5742,3.8477,3.6445,27201,0
-6.9375,-6.7227,6.2891,27388,0
-1.7305,-11.3633,4.5664,27578,0
-8.2461,5.4570,-2.2930,27463,0
-17.9336,18.0547,3.3789,27250,0
-22.4570,-0.4414,1.5000,27339,0
-4.9102,-14.2344,1.5781,27585,0
0.4531,0.8984,-5.8906,27465,0
-12.3086,6.3398,-0.8359,27289,0
-15.8320,11.1641,2.7266,27250,0
-1.3867,-6.9570,5.1016,27483,0
-5.1016,-13.3164,4.9492,27561,0
-1.1172,4.2305,-6.6953,27329,0
-21.0430,15.5703,3.4141,27251,0
-18.6250,-3.7383,2.8008,27382,0
-0.7344,-8.6836,4.0664,27544,0
-4.4492,-13.8438,0.0820,27447,0
-12.5742,8.5234,0.5039,27174,0
-18.3555,10.7070,3.5703,27174,0
-19.7773,-2.5859,6.0977,27295,0
-5.9844,-13.0508,3.7227,27540,0
-2.3047,5.1133,-7.7305,27529,0
-11.5742,12.6602,1.6133,27264,0
-13.7227,-6.0742,4.4492,27267,0
-1.3867,-10.5195,3.3789,27519,0
-1.6523,-10.7812,-2.1758,27513,0
-6.0586,5.1133,-4.9727,27394,0
-21.9531,7.9844,3.5703,27222,0
-13.5273,-5.3438,5.9062,27373,0
-0.5039,-9.8984,4.1445,27566,0
-5.8281,4.1562,-5.0898,27465,0
-13.9883,16.8008,2.6875,27235,0
-24.2891,5.4570,2.2266,27286,0
-8.2031,-6.9922,5.6367,27580,0
0.6836,-5.3828,-4.3984,27485,0
-9.5117,4.7695,-2.9453,27300,0
-14.0273,14.0820,2.3828,27272,0
-6.6367,-6.5312,5.9062,27513,0
-4.1836,-13.0117,4.4492,27562,0
0.8359,-1.5547,-5.1680,27562,0
-16.4805,17.2891,2.9922,27356,0
-23.4844,0.8984,2.0352,27245,0
-3.1875,-7.5273,5.4453,27383,0
-5.5625,-14.4219,2.6094,27564,0
-11.5039,6.6055,-0.3398,27433,0
-16.4805,14.0000,3.3008,27185,0
-22.5703,0.3633,3.9141,27273,0
-6.2500,-14.6172,3.4531,27533,0
0.9141,3.0430,-7.1992,27481,0
-10.9648,8.3672,1.0039,27187,0
-19.5430,14.9180,3.5312,27215,0
-0.4648,-8.2188,4.5273,27423,0
-5.2148,-14.3477,1.2305,27460,0
-1.0039,3.9648,-6.6992,27290,0
-19.9219,11.8555,3.5312,27146,0
-18.3516,-3.4688,4.4102,27322,0
0.2227,-8.4883,4.5664,27518,0
-4.8711,-13.1562,1.2695,27434,0
-2.6484,4.5000,-6.7773,27214,0
-22.4961,10.3594,3.4531,27299,0
-14.5234,-5.2695,4.8320,27299,0
-3.4531,-11.3633,-1.4492,27600,0
-4.8711,4.0000,-5.6641,27545,0
-12.3398,13.1211,1.6914,27325,0
-12.7188,-5.3438,5.6758,27297,0
-1.1562,-10.3242,4.4492,27564,0
-2.3828,-8.4844,-2.4453,27609,0
-6.1367,3.5039,-4.8203,27438,0
-24.7891,6.5664,3.2227,27333,0
-8.5469,-6.3047,5.7891,27464,0
-3.2617,-12.2070,3.8750,27694,0
-8.4297,3.6953,-3.0586,27578,0
-13.8750,15.1133,2.6094,27310,0
-24.9102,4.9961,3.8359,27445,0
-5.7891,-6.3750,5.9453,27733,0
0.7969,-1.7461,-6.1289,27679,0
-9.1289,4.2695,-1.7188,27453,0
-15.8672,16.3008,2.9922,27411,0
-2.4570,-6.6875,5.9062,27699,0
-6.2109,-14.9258,3.4141,27722,0
1.2578,0.8594,-7.1562,27543,0
-10.6562,5.8008,-0.2617,27418,0
-22.9961,0.4023,3.6445,27560,0
-0.7344,-7.4531,5.2148,27560,0
-5.9453,-14.9609,2.8398,27766,0
-10.5000,9.2500,0.6562,27652,0
-20.3477,14.3828,4.2578,27394,0
-19.5391,-2.7422,3.7617,27475,0
-7.3984,-15.8789,1.2695,27777,0
-0.4648,4.3086,-7.3867,27661,0
-11.9570,8.0234,0.6172,27442,0
-19.6562,11.9297,4.1797,27423,0
2.0234,-8.2617,4.2188,27673,0
-4.6406,-12.6250,1.9609,27699,0
-3.6094,5.3789,-7.6602,27489,0
-23.9062,8.2930,2.6094,27367,0
-11.4219,-5.8438,5.4062,27505,0
-0.5430,-9.7539,3.9141,27658,0
-3.7617,-12.0078,-2.5234,27513,0
-13.6836,10.7422,1.2695,27273,0
-21.5742,8.3320,3.7227,27379,0
-13.5664,-5.8047,6.9766,27379,0
-4.3359,-6.8008,0.2344,27597,0
-6.2500,6.2969,-5.8555,27597,0
-16.4414,18.7891,2.9922,27304,0
-4.0273,-6.7969,5.9453,27294,0
-3.6094,-13.6602,3.1094,27555,0
-0.0078,-4.1211,-5.7344,27504,0
-11.6914,4.9961,-1.4492,27343,0
-23.2617,3.3906,4.4883,27193,0
-4.7188,-6.8008,6.0195,27402,0
-2.0000,-11.7031,3.5703,27538,0
-8.3203,8.7148,-0.1484,27342,0
-21.0391,18.1367,4.7930,27209,0
-20.4258,-3.0078,1.9609,27266,0
0.6055,-6.4141,5.3320,27527,0
0.7969,2.5859,-7.3125,27394,0
-13.9492,6.9883,0.6562,27199,0
-16.8594,9.8242,2.2266,27211,0
1.1055,-7.0703,4.4492,27453,0
-4.6797,-11.9336,3.7617,27502,0
-2.9961,5.6484,-7.9648,27270,0
-11.4219,14.6523,1.3867,27156,0
-12.4570,-4.7695,5.7148,27371,0
0.6055,-8.3281,4.1445,27438,0
-6.6719,-15.8750,-1.4883,27438,0
-13.4180,8.3320,0.8867,27359,0
-19.4609,7.6406,2.2656,27127,0
-16.9375,-4.8867,8.7773,27262,0
-5.5977,-10.0547,0.3516,27503,0
-3.7227,6.4141,-6.2383,27443,0
-16.1719,18.8633,5.0625,27199,0
-25.1328,6.0312,0.8867,27240,0
-1.9609,-13.5820,2.5352,27516,0
0.3750,-7.4570,-6.0859,27395,0
-11.4648,6.3008,-1.7188,27298,0
-21.7695,4.8828,3.1484,27188,0
-8.8164,-6.9141,7.1680,27398,0
2.1367,-9.9375,3.1875,27511,0
-4.9883,-1.8594,-0.7227,27342,0
-19.9219,16.7969,3.3008,27247,0
-21.5742,-0.6328,1.3086,27303,0
-2.0352,-7.3008,4.8320,27514,0
-1.0781,2.1992,-5.8555,27408,0
-13.5664,7.0664,-0.5312,27214,0
-16.7070,10.0938,2.3438,27214,0
-21.9961,0.2852,4.7578,27268,0
-3.5703,-14.1562,4.7930,27453,0
-2.7266,5.3047,-5.9336,27527,0
-9.7773,6.0703,0.2344,27240,0
-19.5391,-2.9688,4.0664,27231,0
-0.1211,-8.3320,4.9102,27482,0
-2.0742,-15.0352,-1.4492,27453,0
-12.4570,10.4375,0.3906,27381,0
-21.2656,10.4375,3.8750,27179,0
-19.1953,-3.2383,5.0625,27321,0
1.5273,-9.4453,3.9141,27553,0
-4.7188,6.1484,-7.0391,27405,0
-14.1055,18.7109,1.7695,27212,0
-24.1055,5.6094,2.1914,27224,0
-0.6211,-9.3711,3.9883,27498,0
-4.3750,-13.9258,-2.6758,27413,0
-6.3281,4.9961,-3.5195,27256,0
-13.9492,8.9414,1.4219,27147,0
-14.3320,-6.3789,8.7773,27428,0
2.4453,-7.6055,3.1484,27508,0
-4.4492,-8.3008,-0.2617,27508,0
-16.3242,18.6719,4.6406,27195,0
-25.7109,4.4609,1.3086,27195,0
-5.4453,-7.8789,4.9102,27346,0
1.1445,-3.6211,-5.7344,27525,0
-12.5312,6.9141,-1.7188,27400,0
-15.5195,11.5469,1.5781,27220,0
-22.8750,3.5039,3.0312,27261,0
0.3008,-11.8242,3.5312,27489,0
-2.8789,0.7852,-3.0195,27518,0
-9.3945,8.5234,-1.3359,27262,0
-20.6914,-1.7812,2.1914,27273,0
-0.8867,-6.4141,4.9844,27446,0
-4.9102,-15.9141,1.3867,27485,0
0.6445,1.7422,-6.5781,27394,0
-16.5156,9.5938,1.8047,27165,0
-21.9180,-0.1367,5.4844,27354,0
-1.0391,-6.9961,4.9492,27522,0
-1.9219,4.0781,-6.7773,27447,0
-11.7656,13.8477,2.4570,27260,0
-23.2617,13.5391,2.4180,27265,0
-15.7148,-5.6523,3.7969,27537,0
-3.4922,-14.7305,-1.8711,27407,0
-3.6094,5.0742,-4.9375,27407,0
-14.2188,8.4844,0.6953,27274,0
-18.9688,-3.9297,7.4375,27243,0
2.6758,-6.6094,3.9883,27425,0
-5.8672,-12.4727,3.3008,27497,0
-11.9219,11.1641,1.5000,27336,0
-24.6016,11.5469,3.3398,27228,0
-14.3281,-6.1875,5.1016,27344,0
0.2227,-11.5078,2.8398,27525,0
-9.4336,7.1445,-4.7812,27449,0
-13.6055,14.7695,1.3086,27171,0
-23.6016,4.9961,2.3828,27273,0
-1.1562,-10.4375,4.3359,27531,0
-1.0039,-7.4922,-3.0586,27464,0
-8.6289,3.5430,-3.2891,27265,0
-13.3789,11.7031,1.2305,27191,0
-9.6211,-6.1133,5.9062,27456,0
-0.0078,-11.8594,4.4102,27547,0
-0.0820,-3.1602,-3.3281,27365,0
-16.6328,17.0273,2.2656,27213,0
-23.9844,1.3203,1.4219,27315,0
-4.2969,-6.9531,5.4453,27547,0
-3.1094,-13.9609,3.0703,27547,0
-12.4961,5.6484,-0.7617,27453,0
-15.6328,12.2383,1.7305,27200,0
-23.5234,1.9727,4.3359,27242,0
-1.0391,-13.1172,3.6836,27523,0
-1.6523,2.8516,-5.2422,27548,0
-11.0039,10.4375,-0.3008,27291,0
-19.4336,-3.4688,2.7656,27226,0
-0.1992,-6.4141,4.7930,27476,0
-5.7891,-15.9180,0.9648,27510,0
0.1484,2.5859,-6.1562,27397,0
-16.4766,9.8633,1.9609,27156,0
-21.7695,-1.1680,6.6719,27315,0
0.9492,-6.3359,4.2188,27569,0
-0.8477,3.1602,-7.6562,27479,0
-12.2656,14.1914,3.1875,27224,0
-23.7617,12.6602,2.8008,27251,0
-15.9414,-5.8047,4.1445,27577,0
-2.4961,-13.5039,-2.1406,27466,0
-5.0234,5.4570,-5.3203,27300,0
-13.6016,9.9375,0.5820,27300,0
-17.4023,-4.6562,7.5156,27425,0
2.9062,-7.0703,3.7969,27425,0
-4.7578,-11.8906,2.3828,27525,0
-12.8008,14.1914,2.4961,27383,0
-25.5156,8.7891,2.7266,27227,0
-11.2695,-6.5312,5.4062,27320,0
-0.3125,-11.4727,3.2617,27530,0
-9.3125,5.8398,-3.3633,27457,0
-14.5273,12.3906,1.4219,27196,0
-22.8750,6.0703,2.4570,27252,0
1.0273,-10.6719,3.9141,27494,0
-1.1953,-4.8828,-1.4883,27486,0
-8.3594,6.1094,-3.4414,27290,0
-16.5938,17.8320,2.8008,27230,0
-5.1406,-6.8398,5.3672,27414,0
-3.0312,-13.3516,3.1484,27492,0
0.7227,-3.1250,-5.7031,27377,0
-15.2500,10.7070,1.7695,27176,0
-23.0234,3.7734,4.3359,27305,0
-5.9453,-6.4531,6.2891,27508,0
0.3398,-10.9766,3.9531,27494,0
-9.0469,5.6484,-2.0234,27494,0
-18.8555,17.6016,2.6094,27230,0
-22.6445,-0.8633,2.4570,27245,0
-2.5742,-14.9219,1.3867,27534,0
-0.5430,2.3555,-5.8516,27477,0
-13.5273,7.2969,-0.3398,27300,0
-22.1523,-0.0977,5.1406,27209,0
-0.5430,-7.0312,4.9492,27413,0
-2.2656,-13.3906,4.1797,27515,0
-2.8047,5.0742,-6.0469,27412,0
-22.3750,13.6914,2.9570,27244,0
-17.2422,-4.3125,3.6445,27298,0
-0.1211,-7.9844,4.0273,27564,0
-2.9961,4.8438,-5.5469,27437,0
-14.2969,8.9062,0.7734,27249,0
-18.3164,8.6367,1.8047,27230,0
-19.4336,-3.0469,6.5938,27492,0
-2.7266,-12.1289,3.4922,27543,0
-4.8320,6.7969,-6.5430,27309,0
-12.9180,14.4922,1.2305,27245,0
-12.0703,-5.9961,4.9102,27420,0
-0.5430,-9.9805,3.6836,27507,0
-1.5000,-11.9727,-2.2930,27507,0
-7.0547,5.6875,-4.0547,27400,0
-19.6562,7.2578,1.9961,27181,0
-15.4883,-5.1172,7.7070,27283,0
2.5586,-7.8398,3.7969,27524,0
-6.0156,5.5703,-5.9688,27513,0
-13.9883,15.8008,1.3086,27235,0
-24.8672,6.5312,1.6914,27238,0
-1.0391,-11.7422,3.6055,27512,0
-0.1992,-7.9492,-3.9023,27474,0
-10.3125,5.7266,-2.8672,27344,0
-14.9844,11.3555,1.2695,27182,0
-10.5820,-6.4961,6.9766,27387,0
1.5273,-10.3594,3.4531,27526,0
-2.1914,-3.4336,-0.6055,27417,0
-18.0078,17.2930,2.7266,27255,0
-22.4531,0.3242,1.2305,27283,0
-3.9141,-6.4570,4.7930,27537,0
-3.3008,-13.2344,2.7266,27448,0
-12.9141,5.2656,-1.1445,27258,0
-15.4844,10.1680,1.8438,27214,0
-21.8047,3.6562,4.1055,27214,0
-0.5820,-11.3594,4.5273,27469,0
-2.9961,1.3594,-3.0547,27526,0
-9.6562,5.7656,-2.0234,27340,0
-22.4961,-0.5938,2.6094,27247,0
-2.3438,-9.1719,3.3398,27381,0
-0.2383,-13.6992,0.9258,27527,0
-2.1133,3.8086,-5.0117,27441,0
-18.0859,10.3984,2.8398,27223,0
-20.8047,-1.1680,4.2969,27287,0
0.0312,-6.3789,4.8320,27522,0
-1.0781,5.2266,-6.6992,27508,0
-12.2266,6.3008,0.8086,27272,0
-18.8945,12.0859,2.0352,27242,0
-20.9258,-2.4336,5.4062,27488,0
-0.5820,-12.5469,1.9609,27527,0
-3.9531,6.1094,-6.3555,27366,0
-13.4531,15.1523,1.3477,27220,0
-14.7148,-4.6953,4.8711,27338,0
-0.2734,-8.1055,4.1445,27532,0
-3.3789,-13.4297,-1.0273,27429,0
-4.7578,5.0312,-4.9727,27206,0
-19.0508,8.2930,1.8828,27268,0
-17.7852,-4.5781,7.7422,27268,0
2.0625,-7.4180,4.0273,27498,0
-5.5234,6.3008,-6.4688,27531,0
-13.6445,15.4180,1.1953,27289,0
-24.7500,7.3359,1.4219,27235,0
-0.8867,-11.4727,3.2617,27478,0
-0.1211,-8.3711,-2.7539,27511,0
-9.5078,5.6094,-3.4414,27388,0
-14.6445,11.2031,1.2695,27195,0
-12.0742,-5.6523,6.9766,27365,0
1.9844,-9.6328,3.8750,27533,0
-3.0703,-5.6484,0.3125,27485,0
-15.8281,17.2617,2.1523,27265,0
-24.4062,2.6992,1.2695,27289,0
-5.4453,-7.2227,5.0625,27560,0
-2.3828,-13.1172,2.7656,27504,0
-12.2266,6.1094,-1.9844,27329,0
-15.1758,10.9336,1.9219,27236,0
-22.6133,3.0820,3.5703,27236,0
-0.5039,-11.5078,4.2188,27585,0
-2.8789,0.6289,-2.9766,27585,0
-9.1250,5.7656,-1.7930,27432,0
-18.1680,16.4883,2.8008,27276,0
-2.1523,-8.0234,4.2188,27396,0
-2.4180,-14.1602,1.5000,27602,0
-0.6953,2.4688,-5.6289,27501,0
-16.9375,10.1289,2.3438,27300,0
-21.7266,0.1328,4.3750,27320,0
-0.5039,-7.1445,5.1758,27542,0
-2.1523,5.2656,-6.4688,27596,0
-10.8867,9.8633,0.5820,27328,0
-21.5352,13.5781,3.2227,27285,0
-17.9688,-3.8125,3.5312,27474,0
-3.4531,-14.0781,-0.2227,27552,0
-2.9570,4.8828,-5.7070,27442,0
-13.8398,9.2891,0.8086,27199,0
-19.1992,-2.9688,6.2109,27349,0
2.0625,-7.7578,4.1055,27544,0
-4.4883,-12.4688,3.8750,27508,0
-4.3359,6.8359,-7.0000,27268,0
-23.9844,9.4414,2.3047,27287,0
-12.3750,-6.0742,4.8320,27526,0
-0.4648,-10.2539,3.4531,27526,0
-7.0938,5.6484,-4.3984,27501,0
-14.4062,10.7812,1.1953,27354,0
-20.3047,6.8359,2.2656,27206,0
-14.6445,-5.0391,7.2852,27444,0
-4.5273,-8.6016,2.3047,27558,0
-6.1719,6.0703,-5.7031,27426,0
-14.2578,16.5273,2.0352,27271,0
-7.2461,-6.9531,5.3320,27354,0
-1.8828,-12.3906,3.0312,27578,0
-0.3516,-6.0703,-4.3594,27473,0
-14.5273,11.2422,1.6523,27316,0
-22.2969,4.6523,3.3008,27261,0
-8.5469,-6.2266,6.9414,27522,0
0.3008,-10.4414,4.0273,27587,0
-8.0117,5.0352,-3.0977,27344,0
-16.8984,17.2891,2.5742,27290,0
-23.9062,1.1289,1.8047,27430,0
-3.0312,-14.0391,1.9961,27557,0
0.1484,0.3633,-5.5859,27436,0
-12.6484,6.7227,-0.7227,27212,0
-16.1367,11.2031,2.5352,27212,0
-1.7305,-6.9570,5.5625,27336,0
-4.2578,-13.7734,5.0234,27539,0
-1.6172,4.1914,-6.2383,27531,0
-20.3477,15.7617,3.1094,27294,0
-19.9258,-3.0078,3.1875,27282,0
0.0312,-7.6836,4.5664,27536,0
-4.8711,-15.1094,0.5430,27513,0
-13.0352,8.0625,0.3516,27376,0
-17.8945,10.2461,2.7656,27214,0
-20.5391,-1.9375,6.1719,27397,0
-5.0625,-13.2773,4.2578,27574,0
-3.1484,6.4922,-7.5391,27423,0
-11.7656,12.9219,1.3086,27244,0
-13.6406,-5.6914,4.6406,27339,0
-0.2383,-9.7539,3.6836,27533,0
-2.8047,-12.3945,-2.0625,27443,0
-5.8320,5.4570,-4.8984,27283,0
-20.1953,7.6797,2.6875,27237,0
-15.6758,-4.6953,7.1680,27498,0
2.7891,-8.4883,3.7227,27498,0
-5.5234,6.3359,-6.2773,27355,0
-14.3320,16.7617,2.1914,27355,0
-24.7891,5.0742,1.3477,27264,0
-7.3242,-6.7227,5.5977,27431,0
-0.6211,-7.1797,-4.3984,27575,0
-10.1953,5.2656,-2.6367,27454,0
-14.8320,11.3945,1.7695,27238,0
-9.0469,-6.3398,7.0547,27360,0
0.5312,-10.5977,3.8359,27564,0
-3.6094,-2.0508,-1.5664,27577,0
-18.0508,17.7148,2.8789,27325,0
-22.6094,-0.0195,1.2695,27304,0
-2.5352,-7.2188,5.0625,27555,0
-4.1445,-14.1953,2.2656,27535,0
-12.8789,5.9570,-0.6445,27409,0
-15.7930,10.6680,2.2656,27220,0
-22.2578,1.4336,4.6016,27442,0
-3.0703,-12.8945,4.6797,27606,0
-2.8047,4.3477,-5.5898,27470,0
-9.4727,8.8281,-0.6055,27288,0
-21.4531,15.3398,3.1094,27336,0
-0.1602,-8.4453,4.0273,27602,0
-4.0273,-14.3438,0.2344,27602,0
-2.4180,4.3477,-5.9336,27476,0
-17.7812,9.2500,2.6094,27291,0
-19.8164,-2.2031,6.2109,27285,0
2.3672,-7.2578,4.3359,27491,0
-5.5977,-13.2773,4.7578,27570,0
-11.5352,13.0430,1.3477,27364,0
-24.3320,10.3594,2.7656,27258,0
-12.8008,-5.8828,4.6406,27455,0
-2.0000,-11.5859,-2.4844,27577,0
-7.1367,5.7266,-4.7422,27418,0
-14.1055,10.7070,1.0391,27243,0
-14.6445,-5.0000,7.1328,27334,0
2.9805,-8.4062,3.6055,27564,0
-5.2539,-8.8711,2.1914,27524,0
-5.8672,5.7656,-5.8945,27277,0
-25.3281,5.0742,1.8047,27301,0
-6.9023,-7.1133,5.4062,27537,0
-1.9219,-12.8906,2.8398,27523,0
-11.0820,5.7656,-2.3320,27341,0
-15.1328,11.9297,1.8828,27231,0
-22.8359,4.0781,3.3398,27408,0
-7.1328,-6.5703,6.5938,27408,0
-2.5352,-0.6719,-3.2148,27584,0
-8.3945,5.9922,-2.2148,27422,0
-18.1289,17.5625,3.4922,27274,0
-2.0000,-7.1797,5.0234,27347,0
-4.3359,-14.9609,1.8438,27594,0
0.2617,1.0117,-6.4297,27460,0
-12.7188,6.5312,-0.6445,27315,0
-22.4922,0.8594,5.2539,27303,0
-0.8867,-6.8008,5.1406,27518,0
-3.4922,-13.4609,4.6797,27583,0
-9.8945,8.4844,-0.0312,27377,0
-21.9180,14.9180,3.3398,27276,0
-18.5117,-3.7734,3.1094,27476,0
-3.2227,-14.5039,-0.2617,27563,0
-3.4531,5.1523,-6.0078,27464,0
-13.3789,9.3281,0.1992,27226,0
-18.8906,9.2109,3.2617,27362,0
2.8672,-7.2617,4.1797,27580,0
-5.5234,-13.2773,4.1055,27511,0
-3.7617,6.3750,-7.4648,27511,0
-24.6328,10.5508,2.9570,27307,0
-13.0312,-5.9219,4.7930,27307,0
-0.3125,-10.7422,3.4922,27544,0
-0.9258,-10.7031,-2.6758,27546,0
-13.3789,11.7031,0.8477,27339,0
-22.1914,7.4883,3.6836,27251,0
-13.3398,-5.0391,6.4414,27400,0
-4.1055,-8.4844,0.5039,27568,0
-6.6328,4.4219,-5.1641,27414,0
-13.9883,16.1406,1.9219,27215,0
-7.2812,-6.7617,5.7148,27330,0
-2.2266,-13.2773,3.3398,27539,0
0.6445,-4.8477,-5.0117,27469,0
-11.0039,5.4961,-2.4062,27275,0
-23.6055,4.5000,3.8750,27248,0
-6.5156,-6.3398,6.0977,27498,0
-1.4609,-12.4297,4.4102,27521,0
-9.4297,5.1133,-1.7930,27348,0
-17.2422,17.0625,2.9180,27242,0
-23.5234,0.5938,2.0742,27425,0
-2.3438,-7.2578,5.2148,27556,0
-0.0820,1.4727,-6.1953,27423,0
-12.1523,6.7969,-0.6445,27423,0
-16.6367,11.8945,2.9570,27203,0
-0.6211,-6.6875,5.2148,27332,0
-4.4102,-14.8477,4.3750,27543,0
-1.0039,4.0781,-6.9219,27487,0
-11.0000,8.3320,0.5039,27264,0
-19.8555,-3.0859,3.2227,27262,0
0.3008,-8.1016,4.3359,27540,0
-3.5312,-14.7305,0.9648,27510,0
-12.0742,9.9023,0.3516,27374,0
-20.5000,10.7070,4.1055,27214,0
-18.6953,-2.3203,4.9844,27404,0
-5.4453,-14.1172,2.0352,27602,0
-2.9961,4.5000,-7.0781,27429,0
-11.4648,11.3945,1.1562,27225,0
-23.1445,11.4336,3.2617,27360,0
0.8359,-8.9883,4.3750,27571,0
-2.4961,-12.5469,-1.2188,27544,0
-5.8672,5.2266,-5.5469,27311,0
-23.0625,8.3320,2.9570,27283,0
-13.6797,-4.8867,5.8672,27556,0
0.4141,-10.0195,4.1055,27556,0
-1.6523,-9.1758,-1.6016,27546,0
-13.4531,15.4570,1.9219,27402,0
-24.5664,6.1094,2.6484,27256,0
-9.1992,-5.5352,6.0977,27436,0
-0.4648,-7.7969,-4.3984,27614,0
-9.3945,4.3086,-2.5586,27487,0
-13.3359,13.0039,1.5000,27247,0
-24.2500,5.9922,3.5312,27346,0
-1.0391,-12.3125,4.1797,27575,0
-0.4648,-3.1992,-3.8984,27539,0
-9.3906,6.3750,-2.4844,27324,0
-23.5625,0.7852,1.5000,27297,0
-3.2617,-5.5352,6.2109,27532,0
-4.9102,-14.2695,3.5703,27521,0
0.8359,-2.8555,-6.3125,27414,0
-14.6055,11.6250,1.7305,27235,0
-23.7188,3.0430,4.7578,27392,0
-4.4102,-6.8398,5.2539,27572,0
-2.2266,2.1641,-4.8984,27471,0
-10.6562,10.7031,-1.1445,27289,0
-20.6211,16.1445,2.4570,27289,0
-0.0430,-5.9570,5.1016,27293,0
-6.1758,-16.2188,1.5781,27578,0
-0.0820,1.8945,-6.2344,27483,0
-13.9492,5.8008,0.6562,27326,0
-21.9570,0.6289,6.1367,27280,0
0.4141,-6.4180,4.4102,27490,0
-4.2578,-13.7383,4.8711,27637,0
-11.4609,12.5430,0.1211,27471,0
-23.0664,12.9258,1.8438,27323,0
-15.2539,-5.6914,3.6836,27468,0
-3.0312,-13.7383,-0.0312,27649,0
-5.0234,5.3789,-5.0117,27529,0
-14.0625,9.4414,1.0781,27350,0
-18.7773,9.0586,2.8008,27399,0
2.8672,-7.8750,3.9531,27674,0
-5.2930,-11.5469,1.0391,27626,0
-3.2617,5.2266,-6.3555,27403,0
-24.1445,7.4883,1.5000,27384,0
-11.8477,-6.3398,5.4062,27576,0
-0.6211,-10.4805,3.9141,27611,0
-1.3477,-10.3633,-2.3672,27495,0
-14.3320,12.1602,2.1133,27301,0
-21.8398,6.6445,1.5391,27301,0
-12.1875,-6.2656,6.6328,27475,0
-0.5820,-5.1484,-2.0234,27625,0
-8.5117,7.2188,-2.8281,27558,0
-15.7930,15.6094,2.1523,27319,0
-22.2969,2.4688,-0.2227,27358,0
-2.6875,-12.9336,4.1797,27592,0
0.6055,-3.5078,-3.8594,27552,0
-10.8047,5.9922,-0.9883,27380,0
-22.7617,3.8086,0.8477,27305,0
-6.9805,-6.8008,6.2891,27533,0
-3.4531,-14.2695,4.2969,27576,0
-11.0430,8.2930,0.4258,27500,0
-16.6719,12.8516,1.8438,27285,0
-21.3438,1.2070,0.1602,27424,0
-5.8672,-6.9531,5.7148,27605,0
0.7969,1.7031,-4.7031,27527,0
-11.6914,8.4062,0.5820,27299,0
-15.4844,10.9336,2.3047,27335,0
-4.7969,-6.9961,5.9062,27536,0
-4.0273,-15.8789,2.7266,27536,0
2.0625,3.1953,-4.6680,27507,0
-12.9961,10.1680,2.4961,27384,0
-21.0000,0.3242,1.1562,27242,0
-5.4844,-8.1016,4.1797,27424,0
-1.5000,-15.7695,3.4922,27500,0
-11.9570,10.8984,1.2305,27435,0
-16.1758,8.2539,0.9648,27242,0
-20.2344,1.4336,1.8828,27288,0
-5.8281,-7.5234,5.0234,27500,0
-0.3906,4.7266,-3.2109,27471,0
-13.2578,9.9023,2.2656,27311,0
-16.2891,9.4805,0.3516,27267,0
-5.7148,-8.0625,4.0273,27466,0
-1.4609,-15.7305,2.4180,27468,0
-2.2656,5.1875,-3.4414,27401,0
-15.2891,8.8281,1.3086,27236,0
-20.5430,1.6641,2.2656,27307,0
-5.9062,-6.4141,5.5625,27508,0
-3.8359,-16.3398,1.5781,27416,0
-13.3008,9.4805,2.4570,27318,0
-15.2930,10.6289,0.3125,27246,0
-20.9258,1.9336,1.5391,27246,0
-2.2656,-16.0742,3.1484,27469,0
-0.0430,4.2305,-2.7891,27479,0
-12.0312,11.5469,1.2305,27384,0
-14.6836,7.9453,0.3125,27223,0
-8.6250,-5.7656,4.6016,27328,0
-3.4141,-17.0664,3.1875,27474,0
2.4492,0.8984,-1.2578,27451,0
-13.9883,9.2109,-0.0312,27296,0
-20.2344,3.2344,0.5430,27267,0
-10.1172,-5.5000,2.5742,27499,0
1.8711,2.1680,-0.4922,27479,0
-12.4922,10.9336,2.0352,27396,0
-14.2578,8.9805,-0.3398,27252,0
-19.7734,3.2734,0.0430,27390,0
-2.9961,-17.1836,3.5703,27486,0
0.3008,-1.9727,2.3867,27473,0
-10.2773,9.7852,1.3867,27298,0
-19.5430,4.5391,-0.3398,27270,0
-12.7188,-3.0469,1.5000,27510,0
-3.8750,-15.4570,2.7266,27517,0
2.8672,-5.1484,1.9219,27450,0
-13.0352,9.4023,0.4258,27450,0
-17.7070,4.5781,-1.1445,27278,0
-14.7930,-1.0156,1.4219,27352,0
1.7539,-10.9023,4.1797,27519,0
-6.6719,8.5234,0.7344,27503,0
-13.7227,10.1680,1.5000,27366,0
-17.7461,7.5273,-2.5234,27296,0
-6.7500,-10.4805,2.3438,27447,0
0.6445,-14.2344,4.9844,27461,0
-4.6797,7.9844,0.7734,27483,0
-15.4883,7.6016,-2.1016,27305,0
-18.2461,0.9375,0.0820,27262,0
-8.7773,-7.6836,2.1914,27435,0
-1.6172,4.9961,1.5000,27471,0
-12.1484,8.9062,1.6914,27369,0
-14.9453,10.3984,-2.9062,27263,0
-18.6289,1.4336,-1.1055,27346,0
-3.0312,-15.7695,5.5234,27392,0
0.7227,0.5156,3.0742,27435,0
-11.0039,9.4805,1.6523,27435,0
-18.5117,2.9297,-1.9102,27232,0
-12.0703,-3.2773,1.0781,27232,0
-5.1016,-14.4648,4.8711,27371,0
1.6797,-5.6484,5.1016,27397,0
-13.1133,10.2461,-1.0664,27357,0
-17.8906,5.0742,-2.7891,27233,0
-14.2969,-1.8594,0.3906,27279,0
1.3359,-10.3984,6.6719,27358,0
-6.7109,8.2109,0.8867,27442,0
-13.0703,10.3242,-0.1836,27284,0
-17.2461,7.7930,-4.2070,27226,0
-8.2422,-9.5547,3.7227,27340,0
0.3750,-14.0391,7.0938,27375,0
-4.1836,6.9180,1.3867,27398,0
-15.5547,8.4062,-4.0547,27242,0
-16.7461,-0.4805,-0.7227,27235,0
-9.6953,-7.5664,3.5703,27320,0
-1.5391,4.3086,2.5352,27425,0
-12.4922,10.6680,0.3125,27358,0
-15.6758,10.6680,-5.3203,27185,0
-17.2070,-1.2461,-2.2930,27305,0
-2.8398,-14.5039,8.3945,27325,0
0.1484,0.2461,4.6445,27325,0
-11.9922,11.2422,1.0781,27451,0
-17.4375,-0.5586,-4.0547,27287,0
-10.6211,-5.3438,2.3438,27195,0
-3.4141,-13.4648,9.1992,27345,0
0.3398,-1.6289,5.9766,27430,0
-14.6797,10.7422,-5.9688,27401,0
-17.7461,0.2461,-4.7812,27208,0
-10.5781,-5.6914,2.0352,27249,0
0.3008,-3.1602,6.9023,27410,0
-11.2266,10.7070,0.2344,27457,0
-14.7148,11.0898,-6.2773,27294,0
-10.9609,-5.3828,1.3867,27186,0
-4.4492,-12.0117,10.6562,27337,0
0.6055,-4.3125,7.0547,27488,0
-12.3750,11.3164,-0.0312,27376,0
-16.9805,1.2812,-4.3594,27178,0
-12.9531,-4.3477,1.0039,27291,0
-4.4492,-12.2031,10.6953,27425,0
-11.0391,10.8984,-0.1484,27471,0
-14.3320,10.9336,-6.4297,27283,0
-17.3633,1.9336,-5.3203,27182,0
-12.4531,-4.8477,0.4648,27182,0
1.4102,-6.0352,8.2070,27371,0
-10.4648,10.7422,0.2344,27478,0
-14.5273,10.5898,-5.4336,27359,0
-13.3008,-4.3477,-0.1836,27192,0
-4.0664,-11.7422,10.1211,27322,0
2.3320,-5.3438,7.7812,27418,0
-10.1211,11.4297,0.5039,27470,0
-17.8633,1.3594,-5.0898,27267,0
-13.4141,-3.7383,-0.1484,27253,0
-4.2188,-12.7734,10.3867,27418,0
-10.6562,12.1211,0.6953,27518,0
-15.1328,9.6328,-4.9727,27326,0
-17.7461,0.5938,-5.4336,27196,0
-3.7617,-13.0820,10.8477,27410,0
2.5977,-3.8906,6.7539,27455,0
-10.7344,11.8555,0.4258,27422,0
-15.4102,9.6719,-5.0898,27213,0
-12.1523,-5.0781,1.0039,27294,0
-2.3438,-12.8164,11.4609,27447,0
1.2188,-1.8594,6.1758,27447,0
-15.5156,10.0938,-6.0078,27291,0
-18.4336,0.2461,-4.7070,27291,0
-11.0430,-5.8828,2.1523,27216,0
-1.5781,-13.6172,12.2266,27399,0
-12.1484,11.5859,-0.7969,27534,0
-15.4062,9.5195,-6.3906,27369,0
-17.5117,-0.0586,-4.3242,27182,0
-0.6953,-13.9609,12.3008,27362,0
-0.8477,1.3984,4.2227,27495,0
-12.5703,12.1211,-1.9102,27458,0
-15.9023,9.6719,-7.0039,27237,0
-10.7383,-6.5312,4.4102,27226,0
-0.0430,-13.8125,12.7617,27466,0
-1.6523,1.8945,3.9883,27543,0
-16.2539,9.6719,-7.2344,27359,0
-16.7461,-2.3555,-3.4805,27219,0
-10.1172,-7.6445,4.9844,27429,0
-3.6094,4.3867,2.9570,27623,0
-13.1445,13.8047,-4.8203,27438,0
-15.2930,6.8750,-7.0039,27233,0
-15.4453,-3.3516,-1.9102,27374,0
1.4883,-13.4297,12.6094,27569,0
-3.7617,4.6133,1.9609,27569,0
-13.7969,15.9961,-5.0898,27585,0
-14.3711,-4.5039,-2.5977,27344,0
-10.8867,-7.6055,7.9375,27276,0
2.3672,-13.1992,12.8789,27510,0
-4.9883,6.0703,2.0742,27675,0
-16.6719,6.4141,-7.3867,27472,0
-15.0273,-4.8477,-2.6367,27244,0
-9.6992,-8.2578,8.3203,27477,0
-6.0977,6.6445,1.8828,27644,0
-12.6875,12.9219,-5.2031,27535,0
-18.2070,7.1445,-6.6992,27334,0
-8.6641,-9.7148,9.1602,27361,0
2.9062,-10.8633,11.9961,27594,0
-6.8242,8.1719,1.0039,27684,0
-13.7188,14.6094,-6.3164,27415,0
-12.8789,-5.6523,-2.3320,27283,0
-8.7031,-9.9805,11.0039,27519,0
2.5977,-10.0938,11.8047,27688,0
-13.5664,13.8867,-6.5078,27498,0
-17.7422,4.0000,-6.7734,27219,0
-12.6484,-6.3789,-1.4492,27219,0
-7.6680,-10.0938,11.9961,27410,0
-9.0859,9.9023,-0.6836,27611,0
-13.3398,13.2734,-6.6992,27560,0
-16.8242,1.9336,-5.3945,27306,0
-8.0117,-10.1719,12.4570,27291,0
1.3359,-5.4609,9.3906,27602,0
-10.3867,10.9688,-2.8281,27625,0
-11.5352,13.0391,-8.3047,27372,0
-12.0703,-6.2656,0.2734,27220,0
-7.8984,-10.4805,14.6406,27484,0
1.0664,-3.8906,8.0078,27676,0
-11.3438,12.7773,-8.5000,27495,0
-16.6719,-1.6289,-2.6758,27198,0
-11.9258,-6.3047,0.4258,27359,0
0.5664,-2.8945,6.6719,27632,0
-12.4961,12.0078,-4.8984,27560,0
-11.5352,12.3125,-8.7266,27299,0
-16.7031,-2.5117,-2.1758,27196,0
-4.9883,-12.3164,16.2812,27536,0
-0.2383,-2.5508,5.9062,27630,0
-12.3789,11.5469,-5.5469,27630,0
-17.1641,-1.3242,-1.9102,27402,0
-11.3047,-6.8008,0.8477,27151,0
-3.8008,-13.3125,16.0586,27379,0
-0.4648,-1.2852,5.9102,27604,0
-12.9961,11.7773,-8.4609,27485,0
-16.2891,-3.8516,-2.8281,27206,0
-10.7383,-6.7227,1.6523,27220,0
-2.3828,0.7852,4.9062,27555,0
-13.4141,14.0000,-6.0859,27577,0
-11.8086,9.4805,-8.2695,27263,0
-15.8711,-4.9258,-1.4492,27150,0
-2.8398,-12.0117,16.2852,27450,0
-2.3438,1.3203,3.7227,27592,0
-13.0312,14.1523,-6.4688,27402,0
-15.8281,-5.8047,-1.1055,27117,0
-11.2305,-6.5312,4.2578,27324,0
-1.8086,-11.3984,16.2539,27586,0
-13.1445,14.3477,-6.9258,27454,0
-12.7969,7.1445,-5.8164,27265,0
-15.6328,-5.4609,-2.2148,27196,0
-11.6094,-6.7617,4.4492,27196,0
-4.8008,3.3906,1.8047,27555,0
-12.6484,12.7773,-6.7734,27555,0
-13.4141,7.2188,-6.5820,27305,0
-10.7656,-7.3750,5.4453,27162,0
0.1484,-10.1719,15.2891,27390,0
-5.9844,4.5781,1.0391,27605,0
-12.0742,14.7305,-8.7656,27435,0
-14.1445,-6.3789,-0.2227,27128,0
-11.6914,-6.9141,8.1289,27266,0
0.7969,-10.9375,14.7500,27613,0
-11.8047,15.7969,-9.5703,27553,0
-14.7539,5.2656,-4.7812,27210,0
-13.6055,-7.2227,0.0820,27161,0
-11.8828,-7.7188,8.9688,27521,0
-7.1328,7.8320,-1.6016,27575,0
-11.4219,15.6797,-9.0352,27354,0
-15.1719,2.1641,-4.0547,27123,0
-10.7695,-7.3750,10.9648,27348,0
2.2148,-8.8711,12.7969,27619,0
-9.1953,7.0273,-2.7539,27419,0
-15.4883,2.2773,-2.7148,27180,0
-13.3398,-6.8008,-1.2969,27214,0
-9.7734,-8.6797,11.6094,27214,0
1.8320,-7.5273,11.8477,27543,0
-10.6562,14.5352,-9.0742,27548,0
-15.4844,0.7461,-3.1367,27285,0
-13.0352,-6.4570,-0.9141,27126,0
0.8750,-5.5352,10.1992,27479,0
-12.4141,8.7891,-4.0156,27579,0
-8.3203,13.4609,-9.6094,27382,0
-16.0977,-0.0195,-2.1406,27126,0
-8.5859,-9.9414,14.2188,27291,0
0.7969,-5.0000,9.0078,27592,0
-12.8398,9.7461,-5.0117,27445,0
-16.6367,-1.5156,-1.2188,27219,0
-12.5703,-5.7656,-0.0703,27132,0
-8.1641,-10.3242,15.4453,27507,0
-13.3359,12.1992,-7.0430,27565,0
-7.6289,12.0859,-8.7656,27260,0
-16.7852,-3.4297,0.5039,27056,0
-12.9922,-4.8086,1.0781,27397,0
1.1797,-3.3516,5.6719,27609,0
-12.8750,11.0508,-6.6992,27351,0
-9.7383,14.7656,-9.8008,27351,0
-12.2266,-5.4219,0.3906,27112,0
-6.7500,-11.5117,17.2070,27193,0
0.0312,-1.6680,5.3711,27575,0
-13.7188,12.0078,-7.4258,27486,0
-16.2500,-4.7344,0.0820,27233,0
-12.1484,-6.4180,1.8438,27114,0
-5.2148,-11.0156,18.0469,27477,0
-12.3398,13.3867,-9.7617,27621,0
-8.6289,8.1406,-7.1562,27347,0
-15.8672,-4.4258,0.9648,27114,0
-12.7188,-6.0352,3.7227,27365,0
-3.3789,1.4336,1.4219,27621,0
-11.6523,13.7695,-11.0273,27471,0
-9.0859,7.9844,-5.8164,27201,0
-12.4961,-6.6094,4.2969,27256,0
-4.5664,-11.2070,17.4023,27641,0
-5.9844,3.5430,0.0820,27590,0
-10.1602,5.4180,-4.2461,27337,0
-14.7891,-5.7266,1.8047,27146,0
-12.8750,-6.1133,6.2891,27529,0
-4.1055,-10.5938,16.9766,27529,0
-9.1602,15.4141,-13.5547,27684,0
-10.6602,5.6484,-2.5977,27442,0
-14.6016,-5.1914,1.0039,27163,0
-3.4922,-10.6719,16.9375,27353,0
-8.2812,4.3477,-1.6016,27721,0
-7.7461,16.4531,-14.0508,27534,0
-10.9219,3.0039,-1.7578,27264,0
-12.9922,-6.3789,8.2812,27186,0
-2.7656,-9.5195,15.6719,27585,0
-8.3633,3.9258,-2.9805,27704,0
-11.9531,4.2305,-0.8750,27364,0
-13.0352,-7.0312,1.7695,27054,0
-13.4961,-6.6094,9.2773,27444,0
-2.5352,-10.5938,16.7070,27744,0
-8.2422,17.9062,-15.3164,27435,0
-11.0820,2.6211,-0.9531,27193,0
-13.5664,-6.3789,0.9648,27215,0
-2.2266,-8.3320,15.7539,27728,0
-10.6211,5.6875,-4.0938,27596,0
-5.9844,15.1523,-15.0117,27343,0
-13.9883,-7.1836,2.8008,27160,0
-13.3789,-6.2266,9.3906,27160,0
-2.4570,-9.5586,15.5586,27540,0
-10.7695,6.4531,-4.7070,27757,0
-11.5039,3.1953,-0.6836,27470,0
-13.6016,-7.1094,2.5742,27137,0
-12.9531,-6.3398,9.1602,27324,0
-11.5039,7.1445,-4.8594,27745,0
-5.2148,15.1875,-15.2773,27579,0
-10.7344,3.5820,-0.7617,27256,0
-13.7578,-7.3750,2.8008,27088,0
-3.6836,-9.8281,16.8242,27538,0
-10.0820,4.7305,-3.4414,27721,0
-6.2109,16.2969,-16.5391,27390,0
-13.3359,-6.8398,1.9961,27020,0
-13.6836,-5.8047,8.0898,27190,0
-4.0273,-12.8906,18.6602,27658,0
-6.5156,0.6680,0.3125,27527,0
-8.6641,9.3984,-6.4297,27208,0
-13.6445,-6.7617,1.0781,26989,0
-12.1875,-6.5703,5.2148,26989,0
-6.2930,-0.1367,3.1875,27669,0
-12.0742,13.9258,-12.7500,27669,0
-7.5547,12.3945,-8.4609,27326,0
-12.2656,-7.5273,3.1094,27019,0
-5.5625,-9.8672,19.3945,27158,0
-5.4492,-0.9414,4.9102,27617,0
-12.5703,12.8164,-12.5977,27487,0
-14.2188,-5.0391,1.9609,27175,0
-12.7617,-6.8789,1.7305,26988,0
-7.1328,-10.8984,19.6211,27405,0
-12.3398,13.5000,-11.9453,27620,0
-6.3672,12.9648,-9.1484,27306,0
-14.0234,-4.3867,0.9258,27013,0
-13.7578,-7.9492,0.8086,27148,0
-2.8789,-4.2344,10.0820,27611,0
-14.5234,11.3555,-10.8750,27482,0
-6.6719,16.8672,-11.3320,27191,0
-11.1172,-12.3125,2.1914,27017,0
-8.9336,-8.1016,17.7422,27446,0
-7.0547,-4.4648,10.5430,27648,0
-4.7188,13.0781,-11.7930,27323,0
-12.6094,-1.7070,-1.5664,26957,0
-12.6484,-12.6250,4.4492,27203,0
-9.8516,-6.5703,17.8242,27203,0
-12.2656,15.5742,-13.4414,27707,0
-4.3359,12.4688,-13.2500,27491,0
-11.5742,2.0078,-4.5156,27131,0
-11.7305,-4.1562,17.8516,27032,0
-8.5508,-5.1914,13.5234,27547,0
-9.5820,15.2695,-14.4727,27673,0
-2.9570,9.8242,-15.2773,27303,0
-12.0352,-15.4219,8.8555,26901,0
-13.2227,-4.7344,17.4727,27313,0
-7.4766,-7.8359,13.2969,27784,0
-2.9961,12.0859,-16.3516,27455,0
-11.9258,3.0039,-2.6758,27052,0
-11.4609,-16.4570,9.0078,27062,0
-13.4141,-4.0820,16.7852,27652,0
-10.0039,14.9961,-13.2852,27689,0
-2.1133,12.6211,-17.2305,27293,0
-11.9219,5.2266,-3.4023,26922,0
-14.3320,-4.1562,15.3320,27383,0
-8.6641,-8.0273,16.9805,27853,0
-10.2344,12.6953,-11.6406,27853,0
-11.6094,8.3672,-4.3984,27072,0
-10.8477,-16.5742,8.5859,27072,0
-14.7891,-4.2734,12.7617,27132,0
-8.2422,-10.4805,19.2383,27701,0
-1.8828,12.4688,-18.2305,27735,0
-10.3477,10.7812,-6.4297,27355,0
-10.5039,-15.4531,7.2070,26951,0
-9.5469,-10.2852,21.5312,27422,0
-10.3477,8.4062,-4.8594,27913,0
-3.0312,11.8555,-19.3750,27518,0
-7.5898,12.3945,-8.6914,27179,0
-14.7891,-7.4141,9.2383,27125,0
-10.3125,-10.0195,22.2617,27700,0
-9.7734,3.6562,0.0820,27834,0
-5.1406,13.5820,-10.4531,27418,0
-12.0742,-7.4141,4.0273,27008,0
-13.3359,-11.6289,8.1289,27403,0
-9.2773,-2.5117,6.0586,27906,0
-7.0156,14.6875,-18.3477,27645,0
-2.2656,12.6211,-12.7109,27282,0
-12.7188,-1.0156,0.5430,27282,0
-14.1406,-3.3906,18.4727,27675,0
-8.7773,-7.8359,11.9961,27675,0
-9.3516,13.9219,-15.0859,27919,0
-12.0742,5.4961,-2.8672,27511,0
-10.3125,-16.3359,7.6289,27090,0
-15.4844,-2.9688,14.7148,27309,0
-9.0078,-10.6328,17.5469,27866,0
-1.0391,11.8555,-16.7344,27759,0
-9.5078,10.4766,-6.3516,27379,0
-10.0820,-14.0039,6.5195,27037,0
-10.3125,-10.5156,21.1094,27562,0
-10.5391,4.9219,-2.4062,27948,0
-3.2227,12.6211,-18.4531,27569,0
-5.6758,13.4609,-9.8398,27197,0
-14.1406,-10.4023,8.3945,27174,0
-12.6875,-7.3008,21.8359,27737,0
-9.8555,-1.9727,5.2148,27841,0
-1.6914,13.2383,-12.7109,27432,0
-12.1094,-0.4414,0.3516,27013,0
-11.5352,-14.7695,7.4375,27357,0
-9.2383,-8.6797,12.8789,27849,0
-9.5469,12.6211,-13.6680,27643,0
-0.0820,12.3906,-14.8242,27643,0
-11.2695,7.3711,-4.2461,27274,0
-16.3594,-3.5820,14.0664,27007,0
-10.1211,-10.4414,18.9688,27527,0
-10.7383,8.3320,-6.4297,27854,0
-7.6289,12.5430,-8.1914,27478,0
-10.1953,-10.6758,4.3359,27069,0
-15.2539,-7.9492,9.6211,27140,0
-12.4180,-8.6797,21.5742,27697,0
-4.5664,12.1602,-17.4648,27730,0
-3.0312,13.3828,-11.5625,27359,0
-11.7695,-2.5859,1.0391,26934,0
-15.2930,-4.9258,20.2305,27325,0
-9.4688,-6.3789,10.5039,27785,0
-8.2031,12.5430,-14.6250,27547,0
-0.0430,11.9688,-13.9023,27236,0
-9.7734,-15.2266,5.8281,26959,0
-16.9805,-3.2773,15.5195,27480,0
-10.0039,-10.1328,17.1680,27808,0
-0.2383,10.5898,-15.8516,27408,0
-8.5117,11.8125,-7.4648,27018,0
-9.9297,-11.8594,4.7188,27018,0
-12.1133,-9.7891,21.3867,27117,0
-10.0781,2.7773,0.2344,27638,0
-3.5312,11.5859,-17.0391,27689,0
-3.8750,13.7305,-11.0664,27318,0
-13.0703,-12.2773,7.3984,26904,0
-15.2148,-5.7656,21.0000,27311,0
-9.5508,-4.9258,8.7031,27770,0
-0.1992,12.4297,-13.6328,27534,0
-11.7656,4.5000,-2.6758,27199,0
-10.1211,-15.4922,6.0195,26976,0
-16.8594,-3.0469,16.5156,27503,0
-9.9648,10.0977,-9.6094,27809,0
0.1484,10.7422,-15.5469,27411,0
-9.0859,11.3555,-6.9648,27020,0
-16.4375,-5.3086,11.1133,27163,0
-11.5352,-10.4414,21.1875,27667,0
-10.4258,3.8086,-0.9883,27692,0
-4.6016,13.9648,-10.9492,27362,0
-11.0781,-5.8828,1.9219,26921,0
-13.7578,-10.9375,7.5156,27338,0
-14.2578,-6.4570,21.4531,27338,0
-6.8633,12.4688,-15.6953,27539,0
-0.6953,13.6914,-13.4023,27539,0
-11.7656,2.1992,-2.0234,27233,0
-16.2891,-3.0859,17.2422,27014,0
-9.4297,-9.2539,15.1758,27545,0
-9.7734,8.2930,-9.7969,27797,0
0.1836,12.9258,-14.5508,27443,0
-10.3477,-11.7031,3.7969,27075,0
